疾病名称,标准临床表现,权重分数
多发性硬化,注意减退,15
多发性硬化,智力障碍,15
多发性硬化,吟诗性语言,15
多发性硬化,意向性震颤,15
多发性硬化,易激惹,15
多发性硬化,抑郁,15
多发性硬化,蚁走感,15
多发性硬化,眼球震颤,15
多发性硬化,眼肌麻痹,15
多发性硬化,言语重复,15
多发性硬化,性功能障碍,15
多发性硬化,兴奋,15
多发性硬化,欣快,15
多发性硬化,痛性痉挛,15
多发性硬化,痛,15
多发性硬化,瘫痪,15
多发性硬化,四肢无力,15
多发性硬化,四肢麻木,15
多发性硬化,四肢发冷,15
多发性硬化,嗜睡,15
多发性硬化,视神经萎缩,15
多发性硬化,视神经乳头水肿,15
多发性硬化,视力下降,15
多发性硬化,深感觉异常,15
多发性硬化,瘙痒,15
多发性硬化,强制性哭笑,15
多发性硬化,强直性痉挛,15
多发性硬化,浅感觉异常,15
多发性硬化,偏瘫,15
多发性硬化,排便障碍,15
多发性硬化,尿潴留,15
多发性硬化,尿失禁,15
多发性硬化,尿频,15
多发性硬化,尿急,15
多发性硬化,内感性不适,15
多发性硬化,麻木,15
多发性硬化,腱反射增强,15
多发性硬化,记忆减退,15
多发性硬化,构音障碍,15
多发性硬化,共济失调,15
多发性硬化,感觉异常,15
多发性硬化,腹壁反射消失,15
多发性硬化,复视,15
多发性硬化,反应迟钝,15
多发性硬化,癫痫发作,15
多发性硬化,淡漠,15
多发性硬化,猜疑,15
多发性硬化,病理反射阳性,15
多发性硬化,被害妄想,15
多发性硬化,暴躁,15
多发性硬化,Lhermitte征阳性,15
多发性硬化,Charcot三主征,15
肝硬化,痔静脉曲张,1
肝硬化,蜘蛛痣,1
肝硬化,运动受限,1
肝硬化,月经紊乱,1
肝硬化,瘀点,1
肝硬化,瘀斑,1
肝硬化,营养不良,1
肝硬化,意志减退,1
肝硬化,牙龈出血,1
肝硬化,性欲减退,1
肝硬化,心悸,1
肝硬化,消瘦,1
肝硬化,消化道出血,1
肝硬化,消化不良,1
肝硬化,下肢水肿,1
肝硬化,吸收不良,1
肝硬化,无力,1
肝硬化,蛙腹,1
肝硬化,脱发,1
肝硬化,水肿,1
肝硬化,衰弱,1
肝硬化,食欲减退,1
肝硬化,色素沉着,1
肝硬化,脐疝,1
肝硬化,贫血,1
肝硬化,脾肿大,1
肝硬化,皮肤干燥,1
肝硬化,尿色异常,1
肝硬化,男性乳腺发育,1
肝硬化,活动受限,1
肝硬化,黄染,1
肝硬化,黄疸,1
肝硬化,呼吸困难,1
肝硬化,巩膜黄染,1
肝硬化,睾丸萎缩,1
肝硬化,肝掌,1
肝硬化,肝病面容,1
肝硬化,腹胀,1
肝硬化,腹泻,1
肝硬化,腹腔积液,15
肝硬化,腹部膨隆,1
肝硬化,腹部不适,1
肝硬化,腹壁静脉曲张,1
肝硬化,发热,1
肝硬化,恶心,1
肝硬化,出血,1
肝硬化,不孕,1
肝硬化,闭经,1
肝硬化,鼻衄,1
肺源性心脏病,谵妄,1
肺源性心脏病,意识障碍,1
肺源性心脏病,血管扩张,1
肺源性心脏病,胸痛,1
肺源性心脏病,心律失常,1
肺源性心脏病,心力衰竭,1
肺源性心脏病,心尖搏动增强,20
肺源性心脏病,心悸,1
肺源性心脏病,心动过速,1
肺源性心脏病,下肢水肿,20
肺源性心脏病,无力,20
肺源性心脏病,头痛,1
肺源性心脏病,舒张期杂音,1
肺源性心脏病,收缩期杂音,1
肺源性心脏病,嗜睡,1
肺源性心脏病,视盘水肿,1
肺源性心脏病,食欲减退,1
肺源性心脏病,失眠,1
肺源性心脏病,气促,1
肺源性心脏病,皮肤充血,1
肺源性心脏病,咳痰,1
肺源性心脏病,咳嗽,1
肺源性心脏病,颈静脉怒张,20
肺源性心脏病,结膜水肿,1
肺源性心脏病,结膜充血,1
肺源性心脏病,腱反射消失,1
肺源性心脏病,腱反射减弱,1
肺源性心脏病,活动性呼吸困难,20
肺源性心脏病,活动耐量下降,20
肺源性心脏病,呼吸衰竭,1
肺源性心脏病,呼吸困难,1
肺源性心脏病,咯血,1
肺源性心脏病,肝浊音界下移,1
肺源性心脏病,肝肿大,20
肺源性心脏病,肝区压痛,20
肺源性心脏病,肝颈静脉回流征,20
肺源性心脏病,腹胀,1
肺源性心脏病,腹腔积液,1
肺源性心脏病,肺湿啰音,1
肺源性心脏病,发绀,1
肺源性心脏病,恶心,1
肺源性心脏病,第二心音增强,20
肺源性心脏病,出汗,1
肺源性心脏病,潮红,1
肺源性心脏病,表情淡漠,1
流行性出血热,谵妄,1
流行性出血热,腰痛,1
流行性出血热,眼痛,1
流行性出血热,血尿,1
流行性出血热,兴奋,1
流行性出血热,心动过速,1
流行性出血热,无尿,1
流行性出血热,无力,1
流行性出血热,畏寒,1
流行性出血热,头痛,1
流行性出血热,四肢湿冷,1
流行性出血热,水肿,1
流行性出血热,嗜睡,1
流行性出血热,视力下降,1
流行性出血热,食欲减退,1
流行性出血热,少尿,1
流行性出血热,脾肿大,1
流行性出血热,呕吐,1
流行性出血热,面色苍白,1
流行性出血热,结膜水肿,1
流行性出血热,肌肉疼痛,1
流行性出血热,昏睡,1
流行性出血热,昏迷,1
流行性出血热,黄疸,1
流行性出血热,呼吸急促,1
流行性出血热,寒战,1
流行性出血热,关节疼痛,1
流行性出血热,肝肿大,1
流行性出血热,腹泻,1
流行性出血热,腹痛,1
流行性出血热,腹肌紧张,1
流行性出血热,腹部压痛,1
流行性出血热,反跳痛,1
流行性出血热,烦躁,1
流行性出血热,发热,1
流行性出血热,发绀,1
流行性出血热,恶心,1
流行性出血热,低血压,1
流行性出血热,出血,1
流行性出血热,抽搐,1
流行性出血热,充血,1
流行性出血热,潮红,1
流行性出血热,不安,1
手足口病,谵妄,1
手足口病,易惊,1
手足口病,易激惹,1
手足口病,眼球震颤,1
手足口病,眼球运动障碍,1
手足口病,休克,1
手足口病,心动过速,1
手足口病,头痛,1
手足口病,四肢湿冷,1
手足口病,嗜睡,1
手足口病,食欲减退,1
手足口病,皮疹,20
手足口病,疱疹,1
手足口病,呕吐,1
手足口病,内感性不适,1
手足口病,冷汗,1
手足口病,咳痰,1
手足口病,咳嗽,1
手足口病,颈部强直,1
手足口病,精神状态改变,1
手足口病,惊厥,1
手足口病,腱反射消失,1
手足口病,腱反射减弱,1
手足口病,肌阵挛,1
手足口病,肌无力,1
手足口病,昏迷,1
手足口病,呼吸困难,1
手足口病,呼吸急促,1
手足口病,共济失调,1
手足口病,高血压,1
手足口病,腹痛,1
手足口病,粉红色泡沫痰/咳痰,1
手足口病,肺湿啰音,1
手足口病,烦躁,1
手足口病,发热,20
手足口病,发绀,1
手足口病,恶心,1
手足口病,低血压,1
手足口病,颤抖,1
手足口病,鼻流涕,1
手足口病,Kernig征阳性,1
手足口病,Brudzinski征阳性,1
非霍奇金淋巴瘤,肿物,1
非霍奇金淋巴瘤,硬膜外肿物,1
非霍奇金淋巴瘤,腰椎骨质破坏,1
非霍奇金淋巴瘤,胸椎骨质破坏,1
非霍奇金淋巴瘤,胸腔积液,1
非霍奇金淋巴瘤,胸闷,1
非霍奇金淋巴瘤,消化道出血,1
非霍奇金淋巴瘤,消化不良,1
非霍奇金淋巴瘤,无力,1
非霍奇金淋巴瘤,吞咽困难,1
非霍奇金淋巴瘤,头痛,1
非霍奇金淋巴瘤,体重下降,1
非霍奇金淋巴瘤,视野缺损,1
非霍奇金淋巴瘤,视力模糊,1
非霍奇金淋巴瘤,气促,1
非霍奇金淋巴瘤,贫血,1
非霍奇金淋巴瘤,脾肿大,1
非霍奇金淋巴瘤,皮下结节,1
非霍奇金淋巴瘤,皮肤瘙痒,1
非霍奇金淋巴瘤,呕吐,1
非霍奇金淋巴瘤,淋巴结肿大,1
非霍奇金淋巴瘤,溃疡,1
非霍奇金淋巴瘤,咳嗽,1
非霍奇金淋巴瘤,结节,1
非霍奇金淋巴瘤,黄疸,1
非霍奇金淋巴瘤,红斑,1
非霍奇金淋巴瘤,骨痛,1
非霍奇金淋巴瘤,肝肿大,1
非霍奇金淋巴瘤,腹泻,1
非霍奇金淋巴瘤,腹痛,1
非霍奇金淋巴瘤,腹部肿物,1
非霍奇金淋巴瘤,肺不张,1
非霍奇金淋巴瘤,反酸,1
非霍奇金淋巴瘤,发热,1
非霍奇金淋巴瘤,恶心,1
非霍奇金淋巴瘤,大出血,1
非霍奇金淋巴瘤,穿孔,1
非霍奇金淋巴瘤,肠梗阻,1
非霍奇金淋巴瘤,鼻塞,1
非霍奇金淋巴瘤,鼻衄,1
非霍奇金淋巴瘤,斑块,1
甲状腺功能亢进症,注意减退,1
甲状腺功能亢进症,震颤,1
甲状腺功能亢进症,月经停止,1
甲状腺功能亢进症,月经减少,1
甲状腺功能亢进症,易激惹,1
甲状腺功能亢进症,抑郁,1
甲状腺功能亢进症,眼球突出,1
甲状腺功能亢进症,眼裂增宽,1
甲状腺功能亢进症,心律失常,1
甲状腺功能亢进症,心悸,1
甲状腺功能亢进症,心动过速,1
甲状腺功能亢进症,消瘦,1
甲状腺功能亢进症,无力,1
甲状腺功能亢进症,头晕,1
甲状腺功能亢进症,体重下降,1
甲状腺功能亢进症,瞬目减少,1
甲状腺功能亢进症,收缩期杂音,1
甲状腺功能亢进症,食欲亢进,1
甲状腺功能亢进症,食欲减退,1
甲状腺功能亢进症,失眠,1
甲状腺功能亢进症,气促,1
甲状腺功能亢进症,贫血,1
甲状腺功能亢进症,皮肤温暖,1
甲状腺功能亢进症,怕热,1
甲状腺功能亢进症,呕吐,1
甲状腺功能亢进症,男性乳房发育,1
甲状腺功能亢进症,经期延长,1
甲状腺功能亢进症,紧张,1
甲状腺功能亢进症,焦虑,1
甲状腺功能亢进症,腱反射增强,1
甲状腺功能亢进症,甲状腺肿大,1
甲状腺功能亢进症,腹泻,1
甲状腺功能亢进症,烦躁,1
甲状腺功能亢进症,发热,1
甲状腺功能亢进症,恶心,1
甲状腺功能亢进症,第一心音增强,1
甲状腺功能亢进症,淡漠,1
甲状腺功能亢进症,出汗,1
甲状腺功能亢进症,潮湿,1
慢性阻塞性肺疾病,粘液性痰,1
慢性阻塞性肺疾病,粘液痰,1
慢性阻塞性肺疾病,粘膜发绀,1
慢性阻塞性肺疾病,胸廓前后径增大,1
慢性阻塞性肺疾病,心浊音界缩小,1
慢性阻塞性肺疾病,心音遥远,1
慢性阻塞性肺疾病,下肢水肿,1
慢性阻塞性肺疾病,桶状胸,1
慢性阻塞性肺疾病,体重下降,1
慢性阻塞性肺疾病,缩唇呼吸,1
慢性阻塞性肺疾病,食欲减退,1
慢性阻塞性肺疾病,球结膜水肿,1
慢性阻塞性肺疾病,气促,20
慢性阻塞性肺疾病,频率增快,1
慢性阻塞性肺疾病,皮肤发绀,1
慢性阻塞性肺疾病,脓性痰,1
慢性阻塞性肺疾病,肋间隙增宽,1
慢性阻塞性肺疾病,咳痰,20
慢性阻塞性肺疾病,咳嗽,20
慢性阻塞性肺疾病,颈部静脉怒张,1
慢性阻塞性肺疾病,精神抑郁,1
慢性阻塞性肺疾病,焦虑,1
慢性阻塞性肺疾病,剑突下胸骨下角增宽,1
慢性阻塞性肺疾病,活动后气促,20
慢性阻塞性肺疾病,呼吸音减弱,1
慢性阻塞性肺疾病,呼吸浅快,1
慢性阻塞性肺疾病,呼吸困难,20
慢性阻塞性肺疾病,呼气期延长,1
慢性阻塞性肺疾病,肝浊音界下移,1
慢性阻塞性肺疾病,肝肿大,1
慢性阻塞性肺疾病,肺下界下降,1
慢性阻塞性肺疾病,肺湿啰音,1
慢性阻塞性肺疾病,肺过清音,1
慢性阻塞性肺疾病,肺干啰音,1
慢性阻塞性肺疾病,触觉语颤减弱,1
慢性阻塞性肺疾病,杵状指,1
慢性阻塞性肺疾病,白色泡沫痰,1
慢性阻塞性肺疾病,P2＞A2,1
系统性红斑狼疮,紫癜,1
系统性红斑狼疮,运动受限,1
系统性红斑狼疮,眼底出血,1
系统性红斑狼疮,性格改变,1
系统性红斑狼疮,心律失常,1
系统性红斑狼疮,心包积液,1
系统性红斑狼疮,无力,1
系统性红斑狼疮,网状青斑,1
系统性红斑狼疮,脱发,1
系统性红斑狼疮,头痛,1
系统性红斑狼疮,视网膜渗出,1
系统性红斑狼疮,视神经乳头水肿,1
系统性红斑狼疮,失明,1
系统性红斑狼疮,肾衰竭,1
系统性红斑狼疮,认知障碍,1
系统性红斑狼疮,贫血,1
系统性红斑狼疮,偏头痛,1
系统性红斑狼疮,皮疹,1
系统性红斑狼疮,盘状红斑,20
系统性红斑狼疮,呕吐,1
系统性红斑狼疮,面部红斑,20
系统性红斑狼疮,雷诺现象,1
系统性红斑狼疮,口腔溃疡,20
系统性红斑狼疮,记忆减退,1
系统性红斑狼疮,肌无力,1
系统性红斑狼疮,肌肉疼痛,1
系统性红斑狼疮,昏迷,1
系统性红斑狼疮,红斑,1
系统性红斑狼疮,光过敏,20
系统性红斑狼疮,关节肿大,1
系统性红斑狼疮,关节炎,20
系统性红斑狼疮,关节疼痛,1
系统性红斑狼疮,腹泻,1
系统性红斑狼疮,腹痛,1
系统性红斑狼疮,发热,1
系统性红斑狼疮,恶心,1
系统性红斑狼疮,便秘,1
巨幼细胞性贫血,肢体麻木,1
巨幼细胞性贫血,谵妄,1
巨幼细胞性贫血,抑郁,1
巨幼细胞性贫血,嗅觉减退,1
巨幼细胞性贫血,心悸,1
巨幼细胞性贫血,无力,1
巨幼细胞性贫血,味觉减退,1
巨幼细胞性贫血,妄想,1
巨幼细胞性贫血,头晕,1
巨幼细胞性贫血,体重下降,1
巨幼细胞性贫血,视力下降,1
巨幼细胞性贫血,视力模糊,1
巨幼细胞性贫血,食欲减退,1
巨幼细胞性贫血,失眠,1
巨幼细胞性贫血,深感觉异常,1
巨幼细胞性贫血,舌痛,1
巨幼细胞性贫血,舌乳头萎缩,1
巨幼细胞性贫血,人格变态,1
巨幼细胞性贫血,排便障碍,1
巨幼细胞性贫血,牛肉样舌,1
巨幼细胞性贫血,尿失禁,1
巨幼细胞性贫血,面色苍白,1
巨幼细胞性贫血,口腔黏膜萎缩,1
巨幼细胞性贫血,精神错乱,1
巨幼细胞性贫血,腱反射增强,1
巨幼细胞性贫血,记忆减退,1
巨幼细胞性贫血,肌张力增强,1
巨幼细胞性贫血,活动耐量下降,1
巨幼细胞性贫血,幻觉,1
巨幼细胞性贫血,共济失调,1
巨幼细胞性贫血,腹胀,1
巨幼细胞性贫血,腹泻,1
巨幼细胞性贫血,恶心,1
巨幼细胞性贫血,步态不稳,1
巨幼细胞性贫血,病理反射阳性,1
巨幼细胞性贫血,便秘,1
甲状腺功能减退症,月经紊乱,1
甲状腺功能减退症,月经过多,15
甲状腺功能减退症,眼睑水肿,15
甲状腺功能减退症,心浊音界扩大,15
甲状腺功能减退症,心动过缓,15
甲状腺功能减退症,无力,15
甲状腺功能减退症,畏寒,15
甲状腺功能减退症,脱皮,1
甲状腺功能减退症,听力异常,1
甲状腺功能减退症,体重增加,15
甲状腺功能减退症,水肿,1
甲状腺功能减退症,手足肿胀,1
甲状腺功能减退症,嗜睡,15
甲状腺功能减退症,声音嘶哑,15
甲状腺功能减退症,舌体增大,15
甲状腺功能减退症,少汗,15
甲状腺功能减退症,皮温降低,15
甲状腺功能减退症,皮肤干燥,15
甲状腺功能减退症,面具面容,15
甲状腺功能减退症,面部水肿,15
甲状腺功能减退症,毛发稀疏,15
甲状腺功能减退症,毛发干燥,15
甲状腺功能减退症,胫前粘液性水肿,15
甲状腺功能减退症,记忆减退,15
甲状腺功能减退症,昏迷,15
甲状腺功能减退症,黄染,1
甲状腺功能减退症,踝反射减弱,15
甲状腺功能减退症,关节疼痛,15
甲状腺功能减退症,反应迟钝,15
甲状腺功能减退症,淡漠,15
甲状腺功能减退症,齿痕舌,15
甲状腺功能减退症,肠鸣音减弱,15
甲状腺功能减退症,苍白,15
甲状腺功能减退症,不孕,15
甲状腺功能减退症,表情呆滞,15
甲状腺功能减退症,便秘,15
急性白血病,紫癜,1
急性白血病,月经过多,1
急性白血病,瘀点,1
急性白血病,瘀斑,1
急性白血病,眼球突出,1
急性白血病,眼底出血,1
急性白血病,牙龈肿胀,1
急性白血病,牙龈增生,1
急性白血病,牙龈出血,1
急性白血病,胸部压痛,1
急性白血病,畏寒,1
急性白血病,头晕,1
急性白血病,头痛,1
急性白血病,瞳孔不等大,1
急性白血病,失明,1
急性白血病,贫血,1
急性白血病,脾肿大,1
急性白血病,呕吐,1
急性白血病,颅内出血,1
急性白血病,淋巴结肿大,1
急性白血病,溃疡,1
急性白血病,颈部强直,1
急性白血病,昏迷,1
急性白血病,关节疼痛,1
急性白血病,骨痛,1
急性白血病,睾丸肿大,1
急性白血病,肛周脓肿,1
急性白血病,肝肿大,1
急性白血病,复视,1
急性白血病,发热,1
急性白血病,出血,1
急性白血病,出汗,1
急性白血病,抽搐,1
急性白血病,苍白,1
急性白血病,鼻衄,1
急性白血病,斑丘疹,1
麻疹,咽部黏膜充血,1
麻疹,血尿,1
麻疹,无力,1
麻疹,畏光,1
麻疹,头晕,1
麻疹,头痛,1
麻疹,四肢水肿,1
麻疹,嗜睡,1
麻疹,食欲减退,1
麻疹,全身不适,1
麻疹,脾肿大,1
麻疹,皮疹,1
麻疹,喷嚏,1
麻疹,呕吐,1
麻疹,麻疹黏膜斑,1
麻疹,流泪,1
麻疹,淋巴结肿大,1
麻疹,咳嗽,1
麻疹,精神状态改变,1
麻疹,惊厥,1
麻疹,结膜充血,1
麻疹,肌肉疼痛,1
麻疹,昏迷,1
麻疹,关节疼痛,1
麻疹,咯血,1
麻疹,肝肿大,1
麻疹,腹泻,1
麻疹,腹痛,1
麻疹,肺湿啰音,1
麻疹,肺干啰音,1
麻疹,烦躁,1
麻疹,发热,1
麻疹,鼻流涕,1
麻疹,背痛,1
伴瘤内分泌综合征,震颤,1
伴瘤内分泌综合征,运动受限,1
伴瘤内分泌综合征,眩晕,1
伴瘤内分泌综合征,虚弱,1
伴瘤内分泌综合征,性早熟,1
伴瘤内分泌综合征,心悸,1
伴瘤内分泌综合征,无力,1
伴瘤内分泌综合征,头痛,1
伴瘤内分泌综合征,水肿,1
伴瘤内分泌综合征,嗜睡,1
伴瘤内分泌综合征,视力模糊,1
伴瘤内分泌综合征,食欲亢进,1
伴瘤内分泌综合征,食欲减退,1
伴瘤内分泌综合征,色素沉着,1
伴瘤内分泌综合征,呕吐,1
伴瘤内分泌综合征,男性乳腺发育,1
伴瘤内分泌综合征,麻木,1
伴瘤内分泌综合征,口干,1
伴瘤内分泌综合征,精神错乱,1
伴瘤内分泌综合征,惊厥,1
伴瘤内分泌综合征,腱反射消失,1
伴瘤内分泌综合征,腱反射减弱,1
伴瘤内分泌综合征,肌阵挛,1
伴瘤内分泌综合征,肌张力减弱,1
伴瘤内分泌综合征,肌无力,1
伴瘤内分泌综合征,肌力减弱,1
伴瘤内分泌综合征,昏迷,1
伴瘤内分泌综合征,幻觉,1
伴瘤内分泌综合征,共济失调,1
伴瘤内分泌综合征,高血压,1
伴瘤内分泌综合征,腹胀,1
伴瘤内分泌综合征,恶心,1
伴瘤内分泌综合征,出汗,1
伴瘤内分泌综合征,不安,1
流行性脑脊髓膜炎,谵妄,1
流行性脑脊髓膜炎,瘀点,1
流行性脑脊髓膜炎,意识障碍,1
流行性脑脊髓膜炎,咽痛,1
流行性脑脊髓膜炎,头痛,1
流行性脑脊髓膜炎,四肢湿冷,1
流行性脑脊髓膜炎,少尿,1
流行性脑脊髓膜炎,脾肿大,1
流行性脑脊髓膜炎,皮肤发花,1
流行性脑脊髓膜炎,呕吐,1
流行性脑脊髓膜炎,脑膜刺激征,1
流行性脑脊髓膜炎,面色苍白,1
流行性脑脊髓膜炎,颅内压增高,1
流行性脑脊髓膜炎,哭闹,1
流行性脑脊髓膜炎,拒食,1
流行性脑脊髓膜炎,颈部强直,1
流行性脑脊髓膜炎,精神状态改变,1
流行性脑脊髓膜炎,惊厥,1
流行性脑脊髓膜炎,肌张力增强,1
流行性脑脊髓膜炎,昏迷,1
流行性脑脊髓膜炎,呼吸急促,1
流行性脑脊髓膜炎,寒战,1
流行性脑脊髓膜炎,关节疼痛,1
流行性脑脊髓膜炎,感觉过敏,1
流行性脑脊髓膜炎,烦躁,1
流行性脑脊髓膜炎,发热,1
流行性脑脊髓膜炎,发绀,1
流行性脑脊髓膜炎,低血压,1
流行性脑脊髓膜炎,抽搐,1
流行性脑脊髓膜炎,不安,1
流行性脑脊髓膜炎,病理反射阳性,1
流行性脑脊髓膜炎,鼻塞,1
流行性脑脊髓膜炎,Kernig征阳性,1
流行性脑脊髓膜炎,Brudzinski征阳性,1
急性上呼吸道感染,言语困难,1
急性上呼吸道感染,咽痒,20
急性上呼吸道感染,咽痛,20
急性上呼吸道感染,咽干,20
急性上呼吸道感染,咽充血,20
急性上呼吸道感染,咽部水肿,20
急性上呼吸道感染,畏寒,1
急性上呼吸道感染,畏光,1
急性上呼吸道感染,味觉迟钝,1
急性上呼吸道感染,头痛,1
急性上呼吸道感染,听力异常,1
急性上呼吸道感染,声音嘶哑,1
急性上呼吸道感染,烧灼感,1
急性上呼吸道感染,喷嚏,20
急性上呼吸道感染,疱疹,1
急性上呼吸道感染,流泪,1
急性上呼吸道感染,淋巴结肿大,1
急性上呼吸道感染,淋巴结压痛,1
急性上呼吸道感染,淋巴结触痛,1
急性上呼吸道感染,咳嗽,20
急性上呼吸道感染,结膜充血,1
急性上呼吸道感染,呼吸节律异常,1
急性上呼吸道感染,喉水肿,1
急性上呼吸道感染,喉充血,1
急性上呼吸道感染,发热,1
急性上呼吸道感染,扁桃体肿大,20
急性上呼吸道感染,扁桃体脓性分泌物,1
急性上呼吸道感染,扁桃体溃疡,1
急性上呼吸道感染,扁桃体充血,20
急性上呼吸道感染,鼻粘膜充血,1
急性上呼吸道感染,鼻塞,20
急性上呼吸道感染,鼻流涕,20
急性上呼吸道感染,鼻后滴漏,1
多发性骨髓瘤,紫癜,1
多发性骨髓瘤,意识障碍,1
多发性骨髓瘤,牙龈出血,1
多发性骨髓瘤,血尿,1
多发性骨髓瘤,眩晕,1
多发性骨髓瘤,心脏扩大,1
多发性骨髓瘤,无力,1
多发性骨髓瘤,头晕,1
多发性骨髓瘤,苔藓样变,1
多发性骨髓瘤,四肢麻木,1
多发性骨髓瘤,视力异常,1
多发性骨髓瘤,视力模糊,1
多发性骨髓瘤,食欲减退,1
多发性骨髓瘤,舌体增大,1
多发性骨髓瘤,上肢麻木,1
多发性骨髓瘤,腮腺肿大,1
多发性骨髓瘤,贫血,1
多发性骨髓瘤,呕吐,1
多发性骨髓瘤,雷诺现象,1
多发性骨髓瘤,肌无力,1
多发性骨髓瘤,昏迷,1
多发性骨髓瘤,骨痛,1
多发性骨髓瘤,感觉减退,1
多发性骨髓瘤,肝功能减退,1
多发性骨髓瘤,腹泻,1
多发性骨髓瘤,耳鸣,1
多发性骨髓瘤,多尿,1
多发性骨髓瘤,淀粉样变性,1
多发性骨髓瘤,出血倾向,1
多发性骨髓瘤,病理性骨折,1
多发性骨髓瘤,便秘,1
多发性骨髓瘤,鼻衄,1
颈椎病,肢体无力,1
颈椎病,压头试验阳性,1
颈椎病,眩晕,1
颈椎病,旋颈试验阳性,1
颈椎病,心前区疼痛,1
颈椎病,心律失常,1
颈椎病,心悸,1
颈椎病,心动过速,1
颈椎病,胃肠功能减退,1
颈椎病,吞咽困难,1
颈椎病,头晕,1
颈椎病,痛觉迟钝,1
颈椎病,痛,1
颈椎病,听力下降,1
颈椎病,手麻木,1
颈椎病,视力模糊,1
颈椎病,失眠,1
颈椎病,浅反射减弱,1
颈椎病,偏头痛,1
颈椎病,麻木,1
颈椎病,腱反射增强,1
颈椎病,记忆减退,1
颈椎病,肌肉萎缩,1
颈椎病,肌肉痉挛,1
颈椎病,肌力减弱,1
颈椎病,感觉障碍平面,1
颈椎病,感觉减退,1
颈椎病,感觉过敏,1
颈椎病,耳鸣,1
颈椎病,恶心,1
颈椎病,Hoffmann征阳性,1
颈椎病,Babinski征阳性,1
低钾血症,周期性麻痹,1
低钾血症,意志减退,1
低钾血症,虚弱,1
低钾血症,心脏骤停,1
低钾血症,心动过速,1
低钾血症,无力,1
低钾血症,吞咽困难,1
低钾血症,痛,1
低钾血症,水肿,1
低钾血症,嗜睡,1
低钾血症,食欲减退,1
低钾血症,软瘫,1
低钾血症,呕吐,1
低钾血症,麻木,1
低钾血症,口干,1
低钾血症,腱反射消失,1
低钾血症,腱反射减弱,1
低钾血症,肌无力,1
低钾血症,昏迷,1
低钾血症,呼吸困难,1
低钾血症,呼吸肌麻痹,1
低钾血症,膈肌麻痹,1
低钾血症,腹胀,1
低钾血症,反应迟钝,1
低钾血症,恶心,1
低钾血症,多饮,1
低钾血症,多尿,1
低钾血症,定向力障碍,1
低钾血症,肠蠕动消失,1
低钾血症,肠蠕动减弱,1
低钾血症,肠麻痹,1
低钾血症,便秘,1
阻塞性睡眠呼吸暂停低通气综合征,注意减退,20
阻塞性睡眠呼吸暂停低通气综合征,智力发育迟缓,1
阻塞性睡眠呼吸暂停低通气综合征,夜惊,1
阻塞性睡眠呼吸暂停低通气综合征,悬雍垂肥大,20
阻塞性睡眠呼吸暂停低通气综合征,性欲减退,20
阻塞性睡眠呼吸暂停低通气综合征,心绞痛,20
阻塞性睡眠呼吸暂停低通气综合征,腺样体肥大,20
阻塞性睡眠呼吸暂停低通气综合征,下颌后缩,20
阻塞性睡眠呼吸暂停低通气综合征,无力,20
阻塞性睡眠呼吸暂停低通气综合征,头痛,20
阻塞性睡眠呼吸暂停低通气综合征,舌体增大,20
阻塞性睡眠呼吸暂停低通气综合征,日间嗜睡,20
阻塞性睡眠呼吸暂停低通气综合征,尿失禁,1
阻塞性睡眠呼吸暂停低通气综合征,内感性不适,1
阻塞性睡眠呼吸暂停低通气综合征,梦游,1
阻塞性睡眠呼吸暂停低通气综合征,口咽部阻塞感,20
阻塞性睡眠呼吸暂停低通气综合征,口干,20
阻塞性睡眠呼吸暂停低通气综合征,颈部短小,20
阻塞性睡眠呼吸暂停低通气综合征,颈部粗大,20
阻塞性睡眠呼吸暂停低通气综合征,记忆减退,20
阻塞性睡眠呼吸暂停低通气综合征,呼吸停止,20
阻塞性睡眠呼吸暂停低通气综合征,颌畸形,20
阻塞性睡眠呼吸暂停低通气综合征,高血压,1
阻塞性睡眠呼吸暂停低通气综合征,肥胖,20
阻塞性睡眠呼吸暂停低通气综合征,反应迟钝,20
阻塞性睡眠呼吸暂停低通气综合征,多尿,20
阻塞性睡眠呼吸暂停低通气综合征,打鼾,20
阻塞性睡眠呼吸暂停低通气综合征,喘憋,20
阻塞性睡眠呼吸暂停低通气综合征,扁桃体肥大,20
阻塞性睡眠呼吸暂停低通气综合征,鼻中隔偏曲,20
阻塞性睡眠呼吸暂停低通气综合征,鼻息肉,20
阻塞性睡眠呼吸暂停低通气综合征,鼻甲肥大,20
慢性肾衰竭,注意减退,1
慢性肾衰竭,肢体麻木,1
慢性肾衰竭,谵妄,1
慢性肾衰竭,腰酸,1
慢性肾衰竭,无力,1
慢性肾衰竭,头痛,1
慢性肾衰竭,痛,1
慢性肾衰竭,食欲减退,1
慢性肾衰竭,失眠,1
慢性肾衰竭,深反射消失,1
慢性肾衰竭,深反射迟钝,1
慢性肾衰竭,烧灼感,1
慢性肾衰竭,气促,1
慢性肾衰竭,贫血,1
慢性肾衰竭,皮下水肿,1
慢性肾衰竭,呕吐,1
慢性肾衰竭,口腔异味,1
慢性肾衰竭,痉挛,1
慢性肾衰竭,精神异常,1
慢性肾衰竭,惊厥,1
慢性肾衰竭,记忆减退,1
慢性肾衰竭,肌无力,1
慢性肾衰竭,肌肉震颤,1
慢性肾衰竭,肌肉萎缩,1
慢性肾衰竭,昏迷,1
慢性肾衰竭,幻觉,1
慢性肾衰竭,呼吸深长,1
慢性肾衰竭,高血压,1
慢性肾衰竭,感觉神经障碍,1
慢性肾衰竭,反应淡漠,1
慢性肾衰竭,恶心,1
慢性肾衰竭,多尿,1
干燥综合征,眼异物感,1
干燥综合征,眼睑水肿,1
干燥综合征,无力,1
干燥综合征,视力异常,1
干燥综合征,食管粘膜萎缩,1
干燥综合征,失明,1
干燥综合征,舌痛,1
干燥综合征,舌乳头萎缩,1
干燥综合征,舌干,1
干燥综合征,腮腺肿大,1
干燥综合征,龋齿,1
干燥综合征,贫血,1
干燥综合征,偏瘫,1
干燥综合征,皮疹,1
干燥综合征,裂纹舌,1
干燥综合征,泪腺肿大,1
干燥综合征,泪少,1
干燥综合征,口干,1
干燥综合征,咳嗽,1
干燥综合征,镜面舌,1
干燥综合征,结节性红斑,1
干燥综合征,角膜溃疡,1
干燥综合征,角膜干燥,1
干燥综合征,呼吸衰竭,1
干燥综合征,呼吸困难,1
干燥综合征,关节肿大,1
干燥综合征,关节疼痛,1
干燥综合征,干眼,1
干燥综合征,腹泻,1
干燥综合征,发热,1
干燥综合征,鼻干,1
百日咳,瘀斑,1
百日咳,意识障碍,1
百日咳,咽痒,1
百日咳,咽痛,1
百日咳,无力,1
百日咳,喂养困难,1
百日咳,体重下降,1
百日咳,睡眠障碍,1
百日咳,三凹征,1
百日咳,气促,1
百日咳,喷嚏,1
百日咳,呕吐,1
百日咳,尿失禁,1
百日咳,面部水肿,1
百日咳,流泪,1
百日咳,咳痰,1
百日咳,咳嗽,1
百日咳,痉挛,1
百日咳,惊厥,1
百日咳,结膜充血,1
百日咳,鸡鸣样回声,1
百日咳,昏迷,1
百日咳,呼吸停止,1
百日咳,呼吸困难,1
百日咳,发热,1
百日咳,发绀,1
百日咳,出汗,1
百日咳,抽搐,1
百日咳,鼻塞,1
百日咳,鼻衄,1
百日咳,鼻流涕,1
急性心包炎,胸痛,20
急性心包炎,心浊音界扩大,1
急性心包炎,心前区疼痛,1
急性心包炎,心尖搏动消失,1
急性心包炎,心尖搏动减弱,1
急性心包炎,心悸,1
急性心包炎,心动过速,1
急性心包炎,心包摩擦音,20
急性心包炎,无力,1
急性心包炎,畏寒,1
急性心包炎,吞咽困难,1
急性心包炎,水肿,1
急性心包炎,声音嘶哑,1
急性心包炎,上腹部痛,1
急性心包炎,奇脉,1
急性心包炎,皮下水肿,1
急性心包炎,咳嗽,1
急性心包炎,颈静脉怒张,1
急性心包炎,呼吸困难,1
急性心包炎,肝肿大,1
急性心包炎,肝脏触痛,1
急性心包炎,肝颈静脉回流征,1
急性心包炎,腹腔积液,1
急性心包炎,肺瘀血,1
急性心包炎,烦躁,1
急性心包炎,发热,1
急性心包炎,发绀,1
急性心包炎,出汗,1
急性心包炎,苍白,1
急性心包炎,不安,1
二尖瓣关闭不全,夜间阵发性呼吸困难,1
二尖瓣关闭不全,胸腔积液,1
二尖瓣关闭不全,心浊音界扩大,1
二尖瓣关闭不全,心脏杂音,1
二尖瓣关闭不全,下肢水肿,1
二尖瓣关闭不全,无力,1
二尖瓣关闭不全,抬举性心尖搏动,1
二尖瓣关闭不全,水肿,1
二尖瓣关闭不全,收缩期杂音,20
二尖瓣关闭不全,食欲减退,1
二尖瓣关闭不全,乐音样杂音,1
二尖瓣关闭不全,颈静脉怒张,1
二尖瓣关闭不全,活动性呼吸困难,1
二尖瓣关闭不全,活动耐量下降,1
二尖瓣关闭不全,呼吸困难,20
二尖瓣关闭不全,肝肿大,1
二尖瓣关闭不全,肝脏淤血,1
二尖瓣关闭不全,肝颈静脉回流征,1
二尖瓣关闭不全,腹胀,1
二尖瓣关闭不全,腹腔积液,1
二尖瓣关闭不全,肺湿啰音,1
二尖瓣关闭不全,肺干啰音,1
二尖瓣关闭不全,端坐呼吸,1
二尖瓣关闭不全,第一心音减弱,1
二尖瓣关闭不全,第四心音,1
二尖瓣关闭不全,第三心音,1
二尖瓣关闭不全,第二心音分裂,1
二尖瓣关闭不全,吹风样杂音,20
流行性感冒,意识障碍,1
流行性感冒,咽痛,1
流行性感冒,休克,1
流行性感冒,胸痛,1
流行性感冒,胸闷,1
流行性感冒,胸骨疼痛,1
流行性感冒,无力,1
流行性感冒,畏寒,1
流行性感冒,头晕,1
流行性感冒,头痛,1
流行性感冒,食欲减退,1
流行性感冒,全身不适,1
流行性感冒,呕吐,1
流行性感冒,咳嗽,1
流行性感冒,颈部强直,1
流行性感冒,结膜充血,1
流行性感冒,肌无力,1
流行性感冒,肌肉疼痛,1
流行性感冒,寒战,1
流行性感冒,关节疼痛,1
流行性感冒,腹胀,1
流行性感冒,腹泻,1
流行性感冒,腹痛,1
流行性感冒,发热,1
流行性感冒,潮红,1
流行性感冒,鼻塞,1
流行性感冒,鼻流涕,1
急性心力衰竭,意识障碍,1
急性心力衰竭,夜间阵发性呼吸困难,20
急性心力衰竭,心动过速,1
急性心力衰竭,无尿,1
急性心力衰竭,无力,1
急性心力衰竭,食欲减退,1
急性心力衰竭,强迫体位,1
急性心力衰竭,恐惧,1
急性心力衰竭,咳痰,1
急性心力衰竭,咳嗽,1
急性心力衰竭,颈静脉怒张,15
急性心力衰竭,焦虑,1
急性心力衰竭,激动,1
急性心力衰竭,活动性呼吸困难,1
急性心力衰竭,活动耐量下降,1
急性心力衰竭,呼吸困难,20
急性心力衰竭,粉红色泡沫痰,20
急性心力衰竭,肺哮鸣音,1
急性心力衰竭,肺湿啰音,20
急性心力衰竭,肺干啰音,1
急性心力衰竭,烦躁,1
急性心力衰竭,端坐呼吸,20
急性心力衰竭,低血压,15
急性心力衰竭,喘息,1
急性心力衰竭,不安,1
急性心力衰竭,濒死感,1
急性心力衰竭,奔马律,20
急性胰腺炎,营养不良,1
急性胰腺炎,腰压痛,1
急性胰腺炎,腰部膨隆,1
急性胰腺炎,胸腔积液,1
急性胰腺炎,消瘦,1
急性胰腺炎,消化道梗阻,1
急性胰腺炎,脱水,1
急性胰腺炎,食欲减退,1
急性胰腺炎,上腹部痛,20
急性胰腺炎,皮肤充血,1
急性胰腺炎,呕血,1
急性胰腺炎,呕吐,15
急性胰腺炎,呼吸困难,1
急性胰腺炎,黑便,1
急性胰腺炎,腹胀,15
急性胰腺炎,腹泻,1
急性胰腺炎,腹痛,20
急性胰腺炎,腹腔积液,15
急性胰腺炎,腹膜刺激征,15
急性胰腺炎,放射痛,20
急性胰腺炎,发热,1
急性胰腺炎,恶心,15
急性胰腺炎,大出血,1
急性胰腺炎,肠鸣音减弱,1
急性胰腺炎,凹陷性水肿,1
急性胰腺炎,Grey-Turner征阳性,15
急性胰腺炎,Cullen征阳性,15
急性呼吸衰竭,躁狂,1
急性呼吸衰竭,心律失常,1
急性呼吸衰竭,心动过速,1
急性呼吸衰竭,心搏骤停,1
急性呼吸衰竭,消化道出血,15
急性呼吸衰竭,胃黏膜水肿,1
急性呼吸衰竭,胃黏膜充血,1
急性呼吸衰竭,嗜睡,1
急性呼吸衰竭,渗血,1
急性呼吸衰竭,三凹征,1
急性呼吸衰竭,气促,15
急性呼吸衰竭,扑翼样震颤,1
急性呼吸衰竭,糜烂,1
急性呼吸衰竭,溃疡,1
急性呼吸衰竭,精神错乱,1
急性呼吸衰竭,间停呼吸,1
急性呼吸衰竭,昏迷,1
急性呼吸衰竭,呼吸停止,1
急性呼吸衰竭,呼吸衰竭,1
急性呼吸衰竭,呼吸困难,15
急性呼吸衰竭,呼吸节律异常,1
急性呼吸衰竭,呼吸过速,1
急性呼吸衰竭,发绀,1
急性呼吸衰竭,低血压,1
急性呼吸衰竭,淡漠,1
急性呼吸衰竭,抽搐,1
急性呼吸衰竭,潮式呼吸,1
川崎病,易激惹,1
川崎病,杨梅舌,20
川崎病,咽部黏膜充血,20
川崎病,心音低钝,1
川崎病,脱皮,20
川崎病,水肿,20
川崎病,皮疹,20
川崎病,呕吐,1
川崎病,口腔黏膜充血,20
川崎病,口干,20
川崎病,口唇皲裂,20
川崎病,咳嗽,1
川崎病,颈部淋巴结肿大,20
川崎病,惊厥,1
川崎病,结膜充血,20
川崎病,黄疸,1
川崎病,红斑,20
川崎病,关节炎,1
川崎病,关节疼痛,1
川崎病,肝肿大,1
川崎病,腹泻,1
川崎病,腹痛,1
川崎病,烦躁,1
川崎病,发热,20
川崎病,恶心,1
川崎病,不安,1
川崎病,奔马律,1
脑梗死,肢体无力,20
脑梗死,肢体麻木,20
脑梗死,饮水呛咳,1
脑梗死,意识障碍,1
脑梗死,眼球震颤,1
脑梗死,言语不清,20
脑梗死,眩晕,1
脑梗死,欣快,1
脑梗死,头痛,1
脑梗死,体象障碍,1
脑梗死,瘫痪,1
脑梗死,视力异常,1
脑梗死,失语,1
脑梗死,失读,1
脑梗死,偏瘫,1
脑梗死,呕吐,1
脑梗死,尿潴留,1
脑梗死,精神障碍,1
脑梗死,昏迷,1
脑梗死,构音障碍,1
脑梗死,共济失调,1
脑梗死,感觉障碍,1
脑梗死,感觉异常,1
脑梗死,恶心,1
脑梗死,淡漠,1
脑梗死,horner征,1
白喉,咽痛,1
白喉,压痛,1
白喉,无力,1
白喉,头痛,1
白喉,痛,1
白喉,食欲减退,1
白喉,失语,1
白喉,声音嘶哑,1
白喉,三凹征,1
白喉,呕吐,1
白喉,面色苍白,1
白喉,淋巴结肿大,1
白喉,咳嗽,1
白喉,精神状态改变,1
白喉,惊厥,1
白喉,昏迷,1
白喉,呼吸困难,1
白喉,呼吸急促,1
白喉,烦躁,1
白喉,发热,1
白喉,发绀,1
白喉,恶心,1
白喉,不安,1
白喉,鼻翼翕动,1
白喉,鼻塞,1
白喉,鼻流涕,1
扩张型心肌病,夜间阵发性呼吸困难,1
扩张型心肌病,胸闷,20
扩张型心肌病,心浊音界扩大,1
扩张型心肌病,心音减弱,1
扩张型心肌病,心悸,20
扩张型心肌病,下肢水肿,20
扩张型心肌病,无力,1
扩张型心肌病,外周水肿,1
扩张型心肌病,四肢水肿,20
扩张型心肌病,食欲减退,1
扩张型心肌病,气促,20
扩张型心肌病,皮肤湿冷,1
扩张型心肌病,内感性不适,1
扩张型心肌病,颈静脉怒张,20
扩张型心肌病,活动性呼吸困难,1
扩张型心肌病,活动耐量下降,20
扩张型心肌病,黄疸,1
扩张型心肌病,肝肿大,1
扩张型心肌病,腹胀,1
扩张型心肌病,肺哮鸣音,1
扩张型心肌病,肺湿啰音,1
扩张型心肌病,端坐呼吸,1
扩张型心肌病,第四心音,1
扩张型心肌病,第三心音,1
扩张型心肌病,低血压,1
扩张型心肌病,奔马律,1
心肌炎,晕厥,20
心肌炎,胸痛,20
心肌炎,胸闷,1
心肌炎,心脏扩大,1
心肌炎,心律失常,20
心肌炎,心悸,20
心肌炎,心包摩擦音,1
心肌炎,无力,1
心肌炎,头晕,1
心肌炎,四肢湿冷,1
心肌炎,水肿,1
心肌炎,收缩期杂音,1
心肌炎,呕吐,1
心肌炎,颈静脉怒张,1
心肌炎,肌肉疼痛,1
心肌炎,呼吸困难,20
心肌炎,肝肿大,1
心肌炎,肺湿啰音,1
心肌炎,发热,1
心肌炎,恶心,1
心肌炎,第一心音减弱,1
心肌炎,第四心音,1
心肌炎,第三心音,1
心肌炎,低血压,1
心肌炎,吹风样杂音,1
心肌炎,奔马律,1
风湿性心脏病,胀痛,1
风湿性心脏病,晕厥,20
风湿性心脏病,右上腹部不适,1
风湿性心脏病,右季肋部胀痛,1
风湿性心脏病,眼球搏动,1
风湿性心脏病,眩晕,20
风湿性心脏病,虚弱,1
风湿性心脏病,胸部不适,1
风湿性心脏病,心绞痛,20
风湿性心脏病,心悸,20
风湿性心脏病,心房颤动,1
风湿性心脏病,无力,1
风湿性心脏病,食欲减退,1
风湿性心脏病,上腹部痛,1
风湿性心脏病,全身性水肿,1
风湿性心脏病,气促,1
风湿性心脏病,呕吐,1
风湿性心脏病,颈静脉搏动,1
风湿性心脏病,黄疸,1
风湿性心脏病,呼吸困难,20
风湿性心脏病,咯血,1
风湿性心脏病,腹腔积液,1
风湿性心脏病,发绀,1
风湿性心脏病,恶心,1
风湿性心脏病,出汗,20
风湿性心脏病,嗳气,1
肺血栓栓塞症,晕厥,20
肺血栓栓塞症,胸痛,20
肺血栓栓塞症,胸腔积液,1
肺血栓栓塞症,心悸,20
肺血栓栓塞症,心动过速,1
肺血栓栓塞症,痛,1
肺血栓栓塞症,收缩期杂音,1
肺血栓栓塞症,气促,20
肺血栓栓塞症,咳嗽,20
肺血栓栓塞症,颈静脉怒张,1
肺血栓栓塞症,颈静脉搏动,1
肺血栓栓塞症,惊恐,20
肺血栓栓塞症,呼吸困难,20
肺血栓栓塞症,呼吸过速,1
肺血栓栓塞症,咯血,20
肺血栓栓塞症,肺哮鸣音,1
肺血栓栓塞症,肺湿啰音,1
肺血栓栓塞症,烦躁,20
肺血栓栓塞症,发热,1
肺血栓栓塞症,发绀,1
肺血栓栓塞症,第二心音增强,1
肺血栓栓塞症,第二心音分裂,1
肺血栓栓塞症,低血压,20
肺血栓栓塞症,大咯血,1
肺血栓栓塞症,不安,20
肺血栓栓塞症,濒死感,20
二尖瓣狭窄,胸痛,1
二尖瓣狭窄,下肢水肿,1
二尖瓣狭窄,吞咽困难,1
二尖瓣狭窄,抬举性心尖搏动,1
二尖瓣狭窄,栓塞,1
二尖瓣狭窄,舒张期杂音,20
二尖瓣狭窄,食欲减退,1
二尖瓣狭窄,声音嘶哑,1
二尖瓣狭窄,隆隆样杂音,20
二尖瓣狭窄,咳嗽,1
二尖瓣狭窄,开瓣音,1
二尖瓣狭窄,颈静脉怒张,1
二尖瓣狭窄,呼吸困难,1
二尖瓣狭窄,咯血,1
二尖瓣狭窄,肝肿大,1
二尖瓣狭窄,肝颈静脉回流征,1
二尖瓣狭窄,腹胀,1
二尖瓣狭窄,发绀,1
二尖瓣狭窄,二尖瓣面容,1
二尖瓣狭窄,恶心,1
二尖瓣狭窄,第一心音增强,1
二尖瓣狭窄,第二心音增强,1
二尖瓣狭窄,第二心音分裂,1
二尖瓣狭窄,吹风样杂音,1
二尖瓣狭窄,Graham Steell杂音,1
贫血,注意减退,1
贫血,晕厥,1
贫血,意志减退,1
贫血,眩晕,1
贫血,心律失常,1
贫血,心悸,1
贫血,心动过速,1
贫血,消化不良,1
贫血,头痛,1
贫血,睡眠障碍,1
贫血,视力模糊,1
贫血,食欲减退,1
贫血,失眠,1
贫血,面色苍白,1
贫血,记忆减退,1
贫血,呼吸深长,1
贫血,腹胀,1
贫血,腹泻,1
贫血,腹部不适,1
贫血,发热,1
贫血,耳鸣,1
贫血,恶心,1
贫血,端坐呼吸,1
贫血,大便性质改变,1
贫血,便秘,1
脊柱结核,运动失调,20
脊柱结核,夜啼,1
脊柱结核,消瘦,20
脊柱结核,无力,20
脊柱结核,驼背,20
脊柱结核,痛,20
脊柱结核,瘫痪,20
脊柱结核,食欲减退,1
脊柱结核,拾物试验阳性,1
脊柱结核,神经功能障碍,1
脊柱结核,强迫体位,20
脊柱结核,贫血,1
脊柱结核,脓肿,20
脊柱结核,麻木,1
脊柱结核,急躁,1
脊柱结核,肌肉痉挛,20
脊柱结核,活动受限,20
脊柱结核,活动受限,1
脊柱结核,后凸畸形,20
脊柱结核,感觉障碍平面,20
脊柱结核,发热,20
脊柱结核,窦道,20
脊柱结核,盗汗,20
脊柱结核,病理反射阳性,20
脊柱结核,表情呆滞,1
门静脉高压症,蜘蛛痣,1
门静脉高压症,月经增多,1
门静脉高压症,移动性浊音,1
门静脉高压症,牙龈出血,1
门静脉高压症,消化道出血,1
门静脉高压症,无力,1
门静脉高压症,头晕,1
门静脉高压症,水蛇头,1
门静脉高压症,嗜睡,1
门静脉高压症,食欲减退,1
门静脉高压症,脾肿大,20
门静脉高压症,脾功能亢进,1
门静脉高压症,皮下瘀斑,1
门静脉高压症,皮下出血点,1
门静脉高压症,呕血,20
门静脉高压症,男性乳房发育,1
门静脉高压症,面色晦暗,1
门静脉高压症,黑便,20
门静脉高压症,巩膜黄染,1
门静脉高压症,睾丸萎缩,1
门静脉高压症,肝浊音界缩小,1
门静脉高压症,肝掌,1
门静脉高压症,肝病面容,1
门静脉高压症,腹腔积液,20
门静脉高压症,鼻衄,1
肺动脉高压,周围性发绀,1
肺动脉高压,晕厥,1
肺动脉高压,心浊音界扩大,1
肺动脉高压,心悸,1
肺动脉高压,无力,1
肺动脉高压,抬举性心尖搏动,1
肺动脉高压,水肿,1
肺动脉高压,舒张期杂音,1
肺动脉高压,收缩期杂音,1
肺动脉高压,声音嘶哑,1
肺动脉高压,气促,1
肺动脉高压,喷射样杂音,1
肺动脉高压,颈静脉怒张,1
肺动脉高压,呼吸困难,1
肺动脉高压,寒冷,1
肺动脉高压,咯血,1
肺动脉高压,肝肿大,1
肺动脉高压,腹腔积液,1
肺动脉高压,发绀,1
肺动脉高压,第四心音,1
肺动脉高压,第二心音增强,1
肺动脉高压,第二心音分裂,1
肺动脉高压,吹风样杂音,1
肺动脉高压,奔马律,1
急性肝衰竭,谵妄,1
急性肝衰竭,粘膜出血,1
急性肝衰竭,无尿,1
急性肝衰竭,无力,20
急性肝衰竭,瞳孔异常,1
急性肝衰竭,嗜睡,1
急性肝衰竭,视盘水肿,1
急性肝衰竭,食欲减退,20
急性肝衰竭,少尿,1
急性肝衰竭,扑翼样震颤,1
急性肝衰竭,皮肤出血,1
急性肝衰竭,呕吐,20
急性肝衰竭,内脏出血,1
急性肝衰竭,计算力异常,1
急性肝衰竭,昏迷,1
急性肝衰竭,黄疸,20
急性肝衰竭,呼吸不规则,1
急性肝衰竭,高血压,1
急性肝衰竭,肝臭,1
急性肝衰竭,腹胀,20
急性肝衰竭,烦躁,1
急性肝衰竭,恶心,20
急性肝衰竭,定向力障碍,1
急性肝衰竭,抽搐,1
缺铁性贫血,注意减退,1
缺铁性贫血,智力低下,1
缺铁性贫血,指（趾）甲脆薄易裂,1
缺铁性贫血,易激惹,1
缺铁性贫血,异食癖,1
缺铁性贫血,心悸,1
缺铁性贫血,心动过速,1
缺铁性贫血,无力,1
缺铁性贫血,吞咽困难,1
缺铁性贫血,头晕,1
缺铁性贫血,头痛,1
缺铁性贫血,匙状甲,1
缺铁性贫血,视力模糊,1
缺铁性贫血,食欲减退,1
缺铁性贫血,气促,1
缺铁性贫血,皮肤皱缩,1
缺铁性贫血,皮肤干燥,1
缺铁性贫血,面色苍白,1
缺铁性贫血,毛发干枯,1
缺铁性贫血,口角皲裂,1
缺铁性贫血,活动耐量下降,1
缺铁性贫血,烦躁,1
缺铁性贫血,发育迟缓,1
缺铁性贫血,耳鸣,1
冠心病,胸痛,15
冠心病,胸闷,15
冠心病,心浊音界扩大,15
冠心病,心前区疼痛,20
冠心病,心律失常,1
冠心病,心绞痛,20
冠心病,心动过速,1
冠心病,痛,15
冠心病,栓塞,1
冠心病,上腹部痛,1
冠心病,呕吐,1
冠心病,冷汗,1
冠心病,焦虑,1
冠心病,活动性呼吸困难,1
冠心病,活动受限,1
冠心病,高血压,1
冠心病,肺湿啰音,15
冠心病,发热,1
冠心病,恶心,1
冠心病,呃逆,1
冠心病,第一心音减弱,15
冠心病,低血压,1
冠心病,肠胀气,1
冠心病,奔马律,15
腺样体肥大,注意减退,1
腺样体肥大,张口呼吸,20
腺样体肥大,营养不良,1
腺样体肥大,易惊醒,1
腺样体肥大,学习困难,1
腺样体肥大,哮喘,1
腺样体肥大,腺样体面容,20
腺样体肥大,腺样体肥大,20
腺样体肥大,头痛,1
腺样体肥大,听力下降,20
腺样体肥大,睡眠障碍,1
腺样体肥大,日间嗜睡,1
腺样体肥大,尿失禁,1
腺样体肥大,磨牙,1
腺样体肥大,咳嗽,1
腺样体肥大,痉挛,1
腺样体肥大,反应迟钝,1
腺样体肥大,耳痛,1
腺样体肥大,耳鸣,1
腺样体肥大,耳闷胀感,20
腺样体肥大,打鼾,20
腺样体肥大,出汗,1
腺样体肥大,鼻塞,20
腺样体肥大,鼻流涕,1
急性粟粒性肺结核,紫癜,1
急性粟粒性肺结核,营养障碍,1
急性粟粒性肺结核,心力衰竭,1
急性粟粒性肺结核,消瘦,1
急性粟粒性肺结核,消化不良,1
急性粟粒性肺结核,无力,1
急性粟粒性肺结核,头痛,1
急性粟粒性肺结核,粟粒疹,1
急性粟粒性肺结核,食欲减退,1
急性粟粒性肺结核,气促,1
急性粟粒性肺结核,脾肿大,1
急性粟粒性肺结核,呕吐,1
急性粟粒性肺结核,脑膜刺激征,1
急性粟粒性肺结核,面色苍白,1
急性粟粒性肺结核,淋巴结肿大,1
急性粟粒性肺结核,咳嗽,1
急性粟粒性肺结核,呼吸困难,1
急性粟粒性肺结核,寒战,1
急性粟粒性肺结核,肝肿大,1
急性粟粒性肺结核,肺湿啰音,1
急性粟粒性肺结核,发热,1
急性粟粒性肺结核,发绀,1
急性粟粒性肺结核,盗汗,1
急性粟粒性肺结核,出血,1
急性鼻窦炎,咽痒,1
急性鼻窦炎,咽痛,1
急性鼻窦炎,嗅觉障碍,1
急性鼻窦炎,无力,1
急性鼻窦炎,畏寒,1
急性鼻窦炎,头痛,1
急性鼻窦炎,痛,1
急性鼻窦炎,嗜睡,1
急性鼻窦炎,食欲减退,1
急性鼻窦炎,声音嘶哑,1
急性鼻窦炎,全身不适,1
急性鼻窦炎,呕吐,1
急性鼻窦炎,面部压迫感,1
急性鼻窦炎,咳痰,1
急性鼻窦炎,咳嗽,1
急性鼻窦炎,精神状态改变,1
急性鼻窦炎,腹泻,1
急性鼻窦炎,烦躁,1
急性鼻窦炎,发热,1
急性鼻窦炎,恶心,1
急性鼻窦炎,便秘,1
急性鼻窦炎,鼻塞,1
急性鼻窦炎,鼻流涕,1
狼疮肾炎,血尿,1
狼疮肾炎,性格改变,1
狼疮肾炎,消瘦,1
狼疮肾炎,无力,1
狼疮肾炎,网状青斑,1
狼疮肾炎,脱发,1
狼疮肾炎,头痛,1
狼疮肾炎,食欲减退,1
狼疮肾炎,神经麻痹,1
狼疮肾炎,认知障碍,1
狼疮肾炎,全身不适,1
狼疮肾炎,贫血,1
狼疮肾炎,雷诺现象,1
狼疮肾炎,口腔溃疡,1
狼疮肾炎,肌无力,1
狼疮肾炎,肌肉疼痛,1
狼疮肾炎,昏迷,1
狼疮肾炎,红斑,1
狼疮肾炎,光过敏,1
狼疮肾炎,关节炎,1
狼疮肾炎,关节疼痛,1
狼疮肾炎,高血压,1
狼疮肾炎,发热,1
子宫肌瘤,月经周期缩短,1
子宫肌瘤,月经增多,1
子宫肌瘤,月经淋漓不净,1
子宫肌瘤,阴道排液,1
子宫肌瘤,阴道分泌物增多,1
子宫肌瘤,腰酸,1
子宫肌瘤,心悸,1
子宫肌瘤,下腹部坠胀感,1
子宫肌瘤,无力,1
子宫肌瘤,痛经,1
子宫肌瘤,贫血,1
子宫肌瘤,排尿困难,1
子宫肌瘤,呕吐,1
子宫肌瘤,尿潴留,1
子宫肌瘤,尿频,1
子宫肌瘤,尿急,1
子宫肌瘤,经期延长,1
子宫肌瘤,腹痛,1
子宫肌瘤,腹部肿物,1
子宫肌瘤,发热,1
子宫肌瘤,便秘,1
子宫肌瘤,背痛,1
子宫肌瘤,白带增多,1
疱疹性咽峡炎,易惊,1
疱疹性咽峡炎,咽痛,20
疱疹性咽峡炎,咽部黏膜充血,20
疱疹性咽峡炎,心动过速,1
疱疹性咽峡炎,头痛,1
疱疹性咽峡炎,嗜睡,1
疱疹性咽峡炎,食欲减退,1
疱疹性咽峡炎,疱疹,20
疱疹性咽峡炎,呕吐,1
疱疹性咽峡炎,流涎,1
疱疹性咽峡炎,哭闹,1
疱疹性咽峡炎,咳嗽,1
疱疹性咽峡炎,拒食,1
疱疹性咽峡炎,精神状态改变,1
疱疹性咽峡炎,惊厥,1
疱疹性咽峡炎,肌肉疼痛,1
疱疹性咽峡炎,腹泻,1
疱疹性咽峡炎,腹痛,1
疱疹性咽峡炎,发热,20
疱疹性咽峡炎,恶心,1
疱疹性咽峡炎,颤抖,1
疱疹性咽峡炎,鼻流涕,1
肺真菌病,胸痛,1
肺真菌病,无力,1
肺真菌病,畏寒,1
肺真菌病,体重下降,1
肺真菌病,睡眠障碍,1
肺真菌病,食欲减退,1
肺真菌病,气促,1
肺真菌病,咳痰,1
肺真菌病,咳嗽,1
肺真菌病,黄色脓痰,1
肺真菌病,呼吸衰竭,1
肺真菌病,呼吸困难,1
肺真菌病,咯血,1
肺真菌病,腹泻,1
肺真菌病,发热,1
肺真菌病,发绀,1
肺真菌病,盗汗,1
肺真菌病,大咯血,1
肺真菌病,喘息,1
肺真菌病,喘憋,1
肺真菌病,鼻翼翕动,1
肺真菌病,白色泡沫痰,1
病毒性肝炎,蜘蛛痣,20
病毒性肝炎,消化道出血,1
病毒性肝炎,无力,1
病毒性肝炎,胃胀,1
病毒性肝炎,陶土样大便,1
病毒性肝炎,食欲减退,1
病毒性肝炎,腮腺肿大,1
病毒性肝炎,脾肿大,1
病毒性肝炎,皮疹,1
病毒性肝炎,皮肤瘙痒,1
病毒性肝炎,男性乳腺发育,1
病毒性肝炎,面色灰暗,1
病毒性肝炎,毛细血管扩张,1
病毒性肝炎,黄疸,20
病毒性肝炎,关节疼痛,1
病毒性肝炎,肝浊音界缩小,1
病毒性肝炎,肝肿大,1
病毒性肝炎,肝掌,20
病毒性肝炎,肝功能衰竭,1
病毒性肝炎,腹胀,1
病毒性肝炎,腹腔积液,1
病毒性肝炎,发热,1
溃疡性结肠炎,营养不良,20
溃疡性结肠炎,消瘦,1
溃疡性结肠炎,下腹部压痛,1
溃疡性结肠炎,水肿,1
溃疡性结肠炎,食欲减退,1
溃疡性结肠炎,贫血,1
溃疡性结肠炎,呕吐,1
溃疡性结肠炎,里急厚重感,1
溃疡性结肠炎,口腔溃疡,1
溃疡性结肠炎,红斑,1
溃疡性结肠炎,关节炎,1
溃疡性结肠炎,关节疼痛,1
溃疡性结肠炎,腹胀,1
溃疡性结肠炎,腹泻,20
溃疡性结肠炎,腹痛,20
溃疡性结肠炎,腹肌紧张,1
溃疡性结肠炎,反跳痛,1
溃疡性结肠炎,发热,20
溃疡性结肠炎,发热,1
溃疡性结肠炎,恶心,1
溃疡性结肠炎,便血,20
溃疡性结肠炎,嗳气,1
甲型H1N1流感,眼睛发红,1
甲型H1N1流感,咽痛,1
甲型H1N1流感,咽部黏膜充血,1
甲型H1N1流感,无力,1
甲型H1N1流感,喂养困难,1
甲型H1N1流感,脱水,1
甲型H1N1流感,头痛,1
甲型H1N1流感,痛,1
甲型H1N1流感,嗜睡,1
甲型H1N1流感,呕吐,1
甲型H1N1流感,内感性不适,1
甲型H1N1流感,咳嗽,1
甲型H1N1流感,肌肉疼痛,1
甲型H1N1流感,呼吸停止,1
甲型H1N1流感,呼吸急促,1
甲型H1N1流感,寒冷,1
甲型H1N1流感,腹泻,1
甲型H1N1流感,发热,1
甲型H1N1流感,发绀,1
甲型H1N1流感,扁桃体肥大,1
甲型H1N1流感,鼻塞,1
甲型H1N1流感,鼻流涕,1
老年痴呆,注意减退,1
老年痴呆,执行能力受损,1
老年痴呆,语言能力受损,1
老年痴呆,言语重复,1
老年痴呆,言语能力丧失,1
老年痴呆,性格改变,1
老年痴呆,消极情绪,1
老年痴呆,无力,1
老年痴呆,瘫痪,1
老年痴呆,四肢屈曲,1
老年痴呆,四肢强直,1
老年痴呆,视空间能力受损,1
老年痴呆,失语,1
老年痴呆,失用,1
老年痴呆,失认,1
老年痴呆,人格障碍,1
老年痴呆,情感淡漠,1
老年痴呆,括约肌功能障碍,1
老年痴呆,哭笑无常,1
老年痴呆,焦虑,1
老年痴呆,记忆减退,1
老年痴呆,计算力异常,1
库欣综合征,月经紊乱,1
库欣综合征,月经停止,1
库欣综合征,月经减少,1
库欣综合征,瘀斑,1
库欣综合征,阴茎缩小,1
库欣综合征,阴蒂肥大,1
库欣综合征,性欲减退,1
库欣综合征,水牛背,20
库欣综合征,乳房萎缩,1
库欣综合征,皮肤紫纹,20
库欣综合征,皮肤紫纹,1
库欣综合征,满月脸,20
库欣综合征,鲤鱼嘴,1
库欣综合征,肌肉萎缩,1
库欣综合征,喉结增大,1
库欣综合征,骨骼疼痛,1
库欣综合征,睾丸变软,1
库欣综合征,高血压,20
库欣综合征,肥胖,20
库欣综合征,多血质外貌,1
库欣综合征,多毛,1
库欣综合征,痤疮,1
糖尿病酮症酸中毒,意识障碍,1
糖尿病酮症酸中毒,眼眶下陷,1
糖尿病酮症酸中毒,心动过速,1
糖尿病酮症酸中毒,无力,1
糖尿病酮症酸中毒,头痛,1
糖尿病酮症酸中毒,四肢湿冷,1
糖尿病酮症酸中毒,嗜睡,1
糖尿病酮症酸中毒,食欲减退,1
糖尿病酮症酸中毒,少尿,1
糖尿病酮症酸中毒,皮肤干燥,1
糖尿病酮症酸中毒,呕吐,1
糖尿病酮症酸中毒,烂苹果味,1
糖尿病酮症酸中毒,口干,1
糖尿病酮症酸中毒,昏迷,1
糖尿病酮症酸中毒,呼吸深快,1
糖尿病酮症酸中毒,腹痛,1
糖尿病酮症酸中毒,烦躁,1
糖尿病酮症酸中毒,恶心,1
糖尿病酮症酸中毒,多饮,1
糖尿病酮症酸中毒,多尿,1
糖尿病酮症酸中毒,低血压,1
珠蛋白生成障碍性贫血,易激惹,1
珠蛋白生成障碍性贫血,眼距增宽,1
珠蛋白生成障碍性贫血,胸腔积液,1
珠蛋白生成障碍性贫血,喂养困难,1
珠蛋白生成障碍性贫血,头颅增大,1
珠蛋白生成障碍性贫血,水肿,1
珠蛋白生成障碍性贫血,食欲减退,1
珠蛋白生成障碍性贫血,颧骨高,1
珠蛋白生成障碍性贫血,贫血,1
珠蛋白生成障碍性贫血,脾肿大,1
珠蛋白生成障碍性贫血,皮肤脱屑,1
珠蛋白生成障碍性贫血,皮肤苍白,1
珠蛋白生成障碍性贫血,面色苍白,1
珠蛋白生成障碍性贫血,黄疸,1
珠蛋白生成障碍性贫血,肝肿大,1
珠蛋白生成障碍性贫血,腹泻,1
珠蛋白生成障碍性贫血,腹腔积液,1
珠蛋白生成障碍性贫血,发育迟缓,1
珠蛋白生成障碍性贫血,额头隆起,1
珠蛋白生成障碍性贫血,病理性骨折,1
珠蛋白生成障碍性贫血,鼻梁塌,1
肺栓塞,晕厥前期,1
肺栓塞,晕厥,15
肺栓塞,胸痛,15
肺栓塞,胸腔积液,1
肺栓塞,心动过速,1
肺栓塞,下肢水肿,1
肺栓塞,下肢静脉曲张,1
肺栓塞,头痛,15
肺栓塞,收缩期杂音,1
肺栓塞,颈静脉怒张,1
肺栓塞,颈动脉搏动异常,1
肺栓塞,呼吸困难,15
肺栓塞,咯血,15
肺栓塞,肝肿大,1
肺栓塞,肝颈静脉回流征,1
肺栓塞,肺哮鸣音,1
肺栓塞,肺湿啰音,1
肺栓塞,发绀,1
肺栓塞,第二心音增强,1
肺栓塞,第二心音分裂,1
肺栓塞,低血压,1
风疹,咽痛,1
风疹,无力,1
风疹,畏光,1
风疹,头痛,1
风疹,食欲减退,1
风疹,脾肿大,1
风疹,皮疹,1
风疹,喷嚏,1
风疹,呕吐,1
风疹,内感性不适,1
风疹,淋巴结肿大,1
风疹,淋巴结压痛,1
风疹,咳嗽,1
风疹,结膜充血,1
风疹,腹泻,1
风疹,发热,1
风疹,齿龈肿胀,1
风疹,鼻衄,1
风疹,鼻流涕,1
风疹,斑疹,1
过敏性紫癜,紫癜,20
过敏性紫癜,压痛,1
过敏性紫癜,荨麻疹,20
过敏性紫癜,血尿,20
过敏性紫癜,无力,1
过敏性紫癜,痛,1
过敏性紫癜,水肿,1
过敏性紫癜,视网膜水肿,1
过敏性紫癜,视网膜出血,1
过敏性紫癜,视神经萎缩,1
过敏性紫癜,全身不适,1
过敏性紫癜,皮下水肿,1
过敏性紫癜,呕吐,1
过敏性紫癜,关节肿大,20
过敏性紫癜,关节疼痛,20
过敏性紫癜,高血压,1
过敏性紫癜,腹泻,1
过敏性紫癜,腹痛,20
过敏性紫癜,发热,1
过敏性紫癜,便血,1
房间隔缺损,肿胀,1
房间隔缺损,虚弱,1
房间隔缺损,心脏杂音,1
房间隔缺损,心脏扩大,1
房间隔缺损,心律失常,1
房间隔缺损,心力衰竭,1
房间隔缺损,心悸,20
房间隔缺损,消瘦,1
房间隔缺损,无力,1
房间隔缺损,收缩期杂音,20
房间隔缺损,前胸饱满,1
房间隔缺损,气促,20
房间隔缺损,内感性不适,1
房间隔缺损,面色苍白,1
房间隔缺损,呼吸浅快,1
房间隔缺损,呼吸困难,1
房间隔缺损,发育迟缓,1
房间隔缺损,第二心音增强,1
房间隔缺损,第二心音分裂,20
房间隔缺损,出汗,1
急性阑尾炎,转移性右下腹痛,20
急性阑尾炎,腰大肌试验阳性,1
急性阑尾炎,心动过速,1
急性阑尾炎,下腹部压痛,1
急性阑尾炎,无力,1
急性阑尾炎,食欲减退,1
急性阑尾炎,呕吐,1
急性阑尾炎,里急厚重感,1
急性阑尾炎,结肠充气试验阳性,1
急性阑尾炎,腹泻,1
急性阑尾炎,腹痛,1
急性阑尾炎,腹膜刺激征,1
急性阑尾炎,腹肌紧张,1
急性阑尾炎,腹部肿物,1
急性阑尾炎,反跳痛,1
急性阑尾炎,发热,1
急性阑尾炎,恶心,1
急性阑尾炎,肠鸣音消失,1
急性阑尾炎,肠鸣音减弱,1
急性阑尾炎,闭孔内肌试验阳性,1
急性肾盂肾炎,胀痛,1
急性肾盂肾炎,腰痛,20
急性肾盂肾炎,血尿,1
急性肾盂肾炎,心动过速,20
急性肾盂肾炎,下腹部疼痛,20
急性肾盂肾炎,头痛,20
急性肾盂肾炎,输尿管点压痛,20
急性肾盂肾炎,食欲减退,1
急性肾盂肾炎,肾区叩击痛,20
急性肾盂肾炎,排尿困难,20
急性肾盂肾炎,呕吐,20
急性肾盂肾炎,尿痛,20
急性肾盂肾炎,尿频,20
急性肾盂肾炎,尿急,20
急性肾盂肾炎,肋脊角压痛,20
急性肾盂肾炎,肌肉疼痛,20
急性肾盂肾炎,寒战,20
急性肾盂肾炎,发热,20
急性肾盂肾炎,恶心,20
急性肾盂肾炎,出汗,1
代谢性酸中毒,意识障碍,1
代谢性酸中毒,眩晕,1
代谢性酸中毒,无力,1
代谢性酸中毒,酸中毒大呼吸,20
代谢性酸中毒,嗜睡,1
代谢性酸中毒,呕吐,1
代谢性酸中毒,纳差,1
代谢性酸中毒,烂苹果味,1
代谢性酸中毒,腱反射消失,1
代谢性酸中毒,腱反射减弱,1
代谢性酸中毒,昏迷,1
代谢性酸中毒,呼吸深快,20
代谢性酸中毒,感觉减退,1
代谢性酸中毒,腹泻,20
代谢性酸中毒,腹痛,1
代谢性酸中毒,烦躁,1
代谢性酸中毒,恶心,1
代谢性酸中毒,低血压,1
代谢性酸中毒,潮红,1
代谢性酸中毒,不安,1
心包积液,休克,1
心包积液,胸腔积液,1
心包积液,心浊音界扩大,20
心包积液,心音遥远,20
心包积液,下肢水肿,1
心包积液,吞咽困难,1
心包积液,声音嘶哑,1
心包积液,强迫体位,1
心包积液,奇脉,20
心包积液,面色苍白,1
心包积液,咳嗽,1
心包积液,颈静脉怒张,20
心包积液,呼吸困难,20
心包积液,呼吸急促,1
心包积液,肝肿大,1
心包积液,腹痛,1
心包积液,腹腔积液,1
心包积液,烦躁,1
心包积液,发绀,1
心包积液,端坐呼吸,1
流行性腮腺炎,张口困难,1
流行性腮腺炎,咽痛,1
流行性腮腺炎,畏寒,1
流行性腮腺炎,吞咽困难,1
流行性腮腺炎,头痛,20
流行性腮腺炎,嗜睡,20
流行性腮腺炎,食欲减退,1
流行性腮腺炎,腮腺肿大,20
流行性腮腺炎,腮腺胀痛,20
流行性腮腺炎,全身不适,1
流行性腮腺炎,呕吐,20
流行性腮腺炎,脑膜刺激征,20
流行性腮腺炎,肌肉疼痛,1
流行性腮腺炎,睾丸肿痛,20
流行性腮腺炎,感觉过敏,1
流行性腮腺炎,腹痛,20
流行性腮腺炎,腹肌紧张,20
流行性腮腺炎,腹部压痛,20
流行性腮腺炎,发热,20
流行性腮腺炎,恶心,20
胃十二指肠溃疡大出血,晕厥,1
胃十二指肠溃疡大出血,休克,1
胃十二指肠溃疡大出血,心悸,1
胃十二指肠溃疡大出血,无力,1
胃十二指肠溃疡大出血,头晕,1
胃十二指肠溃疡大出血,四肢湿冷,1
胃十二指肠溃疡大出血,视力模糊,1
胃十二指肠溃疡大出血,呕血,1
胃十二指肠溃疡大出血,冷汗,1
胃十二指肠溃疡大出血,精神紧张,1
胃十二指肠溃疡大出血,呼吸急促,1
胃十二指肠溃疡大出血,黑便,1
胃十二指肠溃疡大出血,腹胀,1
胃十二指肠溃疡大出血,腹部压痛,1
胃十二指肠溃疡大出血,烦躁,1
胃十二指肠溃疡大出血,低血压,1
胃十二指肠溃疡大出血,淡漠,1
胃十二指肠溃疡大出血,肠鸣音亢进,1
胃十二指肠溃疡大出血,不安,1
子宫内膜异位症,月经增多,20
子宫内膜异位症,月经淋漓不净,1
子宫内膜异位症,血尿,1
子宫内膜异位症,性交痛,1
子宫内膜异位症,痛经,20
子宫内膜异位症,盆腔疼痛,20
子宫内膜异位症,尿痛,1
子宫内膜异位症,尿频,1
子宫内膜异位症,尿急,1
子宫内膜异位症,里急厚重感,1
子宫内膜异位症,经期延长,1
子宫内膜异位症,腹泻,1
子宫内膜异位症,腹痛,1
子宫内膜异位症,腹膜刺激征,1
子宫内膜异位症,附件区包块,20
子宫内膜异位症,触痛性结节,20
子宫内膜异位症,不孕,20
子宫内膜异位症,便血,1
子宫内膜异位症,便秘,1
痛风,血尿,1
痛风,心动过速,1
痛风,无尿,1
痛风,畏寒,1
痛风,水肿,1
痛风,肾绞痛,1
痛风,肾积水,1
痛风,少尿,1
痛风,全身不适,1
痛风,贫血,1
痛风,皮肤脱屑,1
痛风,排尿困难,1
痛风,关节肿大,1
痛风,关节疼痛,1
痛风,关节红肿热痛,1
痛风,关节功能障碍,1
痛风,高血压,1
痛风,发热,1
痛风,多尿,1
肺气肿,胸闷,1
肺气肿,心界缩小,1
肺气肿,桶状胸,1
肺气肿,体重下降,1
肺气肿,缩唇呼吸,1
肺气肿,食欲减退,1
肺气肿,气促,20
肺气肿,咳痰,20
肺气肿,咳嗽,20
肺气肿,呼吸音减弱,1
肺气肿,呼吸困难,1
肺气肿,呼吸急促,1
肺气肿,肝浊音界下移,1
肺气肿,肺下界下降,1
肺气肿,肺湿啰音,1
肺气肿,肺过清音,1
肺气肿,肺干啰音,1
肺气肿,喘息,1
肺气肿,触觉语颤减弱,1
高渗高血糖综合征,震颤,1
高渗高血糖综合征,意识障碍,1
高渗高血糖综合征,无力,1
高渗高血糖综合征,脱水,1
高渗高血糖综合征,嗜睡,1
高渗高血糖综合征,视力异常,1
高渗高血糖综合征,视觉障碍,1
高渗高血糖综合征,食欲减退,1
高渗高血糖综合征,失语,1
高渗高血糖综合征,偏瘫,1
高渗高血糖综合征,口干,1
高渗高血糖综合征,昏迷,1
高渗高血糖综合征,幻觉,1
高渗高血糖综合征,多尿,1
高渗高血糖综合征,定向力障碍,1
高渗高血糖综合征,癫痫发作,1
高渗高血糖综合征,淡漠,1
高渗高血糖综合征,病理反射阳性,1
肺炎支原体肺炎,咽痛,1
肺炎支原体肺炎,咽充血,20
肺炎支原体肺炎,无力,20
肺炎支原体肺炎,头痛,1
肺炎支原体肺炎,气促,1
肺炎支原体肺炎,脓性痰,1
肺炎支原体肺炎,咳痰,1
肺炎支原体肺炎,咳嗽,20
肺炎支原体肺炎,颈部淋巴结肿大,1
肺炎支原体肺炎,肌肉疼痛,1
肺炎支原体肺炎,呼吸困难,1
肺炎支原体肺炎,鼓膜充血,20
肺炎支原体肺炎,肺湿啰音,1
肺炎支原体肺炎,肺干啰音,1
肺炎支原体肺炎,发热,20
肺炎支原体肺炎,耳痛,1
肺炎支原体肺炎,鼻咽部疼痛,1
肺炎支原体肺炎,斑丘疹,1
慢性心力衰竭,夜间阵发性呼吸困难,1
慢性心力衰竭,下肢水肿,1
慢性心力衰竭,食欲减退,1
慢性心力衰竭,呕吐,1
慢性心力衰竭,内感性不适,1
慢性心力衰竭,咳嗽,1
慢性心力衰竭,颈静脉怒张,1
慢性心力衰竭,活动性呼吸困难,1
慢性心力衰竭,活动耐量下降,1
慢性心力衰竭,肝颈静脉回流征阳性,1
慢性心力衰竭,腹胀,1
慢性心力衰竭,腹痛,1
慢性心力衰竭,肺哮鸣音,1
慢性心力衰竭,肺湿啰音,1
慢性心力衰竭,发绀,1
慢性心力衰竭,恶心,1
慢性心力衰竭,端坐呼吸,1
慢性心力衰竭,奔马律,1
子宫颈癌,月经增多,15
子宫颈癌,阴道排液,15
子宫颈癌,阴道流血,20
子宫颈癌,血性白带,15
子宫颈癌,虚弱,1
子宫颈癌,性交出血,15
子宫颈癌,心悸,1
子宫颈癌,消瘦,1
子宫颈癌,下肢水肿,1
子宫颈癌,无力,1
子宫颈癌,头晕,1
子宫颈癌,四肢酸痛,1
子宫颈癌,气促,1
子宫颈癌,贫血,1
子宫颈癌,皮肤苍白,1
子宫颈癌,经期延长,15
子宫颈癌,接触性出血,20
子宫颈癌,发热,1
过敏性肺(泡)炎,胸部紧缩感,1
过敏性肺(泡)炎,无力,1
过敏性肺(泡)炎,体重下降,1
过敏性肺(泡)炎,食欲减退,1
过敏性肺(泡)炎,呕吐,1
过敏性肺(泡)炎,咳痰,1
过敏性肺(泡)炎,咳嗽,1
过敏性肺(泡)炎,活动性呼吸困难,1
过敏性肺(泡)炎,呼吸衰竭,1
过敏性肺(泡)炎,呼吸困难,1
过敏性肺(泡)炎,呼吸过速,1
过敏性肺(泡)炎,寒战,1
过敏性肺(泡)炎,肺纤维化,1
过敏性肺(泡)炎,肺细湿啰音,1
过敏性肺(泡)炎,肺湿啰音,1
过敏性肺(泡)炎,发热,1
过敏性肺(泡)炎,恶心,1
过敏性肺(泡)炎,杵状指,1
变应性鼻炎,眼痒,1
变应性鼻炎,眼红,1
变应性鼻炎,咽痒,1
变应性鼻炎,嗅觉障碍,1
变应性鼻炎,胸闷,1
变应性鼻炎,哮喘,1
变应性鼻炎,烧灼感,1
变应性鼻炎,喷嚏,1
变应性鼻炎,流泪,1
变应性鼻炎,咳嗽,1
变应性鼻炎,结膜水肿,1
变应性鼻炎,结膜充血,1
变应性鼻炎,鼻痒,1
变应性鼻炎,鼻塞,1
变应性鼻炎,鼻黏膜肿胀,1
变应性鼻炎,鼻黏膜苍白,1
变应性鼻炎,鼻流涕,1
变应性鼻炎,鼻甲水肿,1
胰腺癌,消瘦,20
胰腺癌,消化不良,20
胰腺癌,无力,20
胰腺癌,体重下降,20
胰腺癌,食欲减退,20
胰腺癌,呕吐,20
胰腺癌,黄疸,20
胰腺癌,肝肿大,20
胰腺癌,腹胀,20
胰腺癌,腹泻,20
胰腺癌,腹痛,20
胰腺癌,腹部肿物,20
胰腺癌,腹部不适,20
胰腺癌,恶心,20
胰腺癌,恶病质,20
胰腺癌,胆囊肿大,20
胰腺癌,便秘,20
小儿急性喉炎,声音嘶哑,1
小儿急性喉炎,面色苍白,1
小儿急性喉炎,咳痰,1
小儿急性喉炎,咳嗽,1
小儿急性喉炎,昏迷,1
小儿急性喉炎,呼吸困难,1
小儿急性喉炎,呼吸急促,1
小儿急性喉炎,喉黏膜肿胀,1
小儿急性喉炎,喉黏膜充血,1
小儿急性喉炎,喉痉挛,1
小儿急性喉炎,烦躁,1
小儿急性喉炎,发热,1
小儿急性喉炎,发绀,1
小儿急性喉炎,喘鸣音,1
小儿急性喉炎,出汗,1
小儿急性喉炎,抽搐,1
小儿急性喉炎,不安,1
慢性胃炎,灼痛,1
慢性胃炎,隐痛,1
慢性胃炎,无力,1
慢性胃炎,痛,1
慢性胃炎,体重下降,1
慢性胃炎,食欲减退,1
慢性胃炎,全身衰弱,1
慢性胃炎,贫血,1
慢性胃炎,呕血,1
慢性胃炎,黑便,1
慢性胃炎,腹胀,20
慢性胃炎,腹痛,20
慢性胃炎,腹部不适,1
慢性胃炎,反酸,20
慢性胃炎,恶心,1
慢性胃炎,出血,1
慢性胃炎,嗳气,20
病毒性肺炎,咽痛,20
病毒性肺炎,胸痛,15
病毒性肺炎,心动过速,1
病毒性肺炎,头痛,20
病毒性肺炎,气促,15
病毒性肺炎,脓性痰,1
病毒性肺炎,咳痰,1
病毒性肺炎,咳嗽,20
病毒性肺炎,呼吸急促,1
病毒性肺炎,呼吸过速,1
病毒性肺炎,肺湿啰音,1
病毒性肺炎,肺干啰音,1
病毒性肺炎,发热,20
病毒性肺炎,发绀,1
病毒性肺炎,鼻塞,20
病毒性肺炎,鼻流涕,20
病毒性肺炎,Koplik斑,20
传染性非典型肺炎,胸痛,1
传染性非典型肺炎,胸闷,1
传染性非典型肺炎,心悸,1
传染性非典型肺炎,无力,1
传染性非典型肺炎,畏寒,1
传染性非典型肺炎,头痛,1
传染性非典型肺炎,气促/喘息,1
传染性非典型肺炎,气促,1
传染性非典型肺炎,咳痰,1
传染性非典型肺炎,咳嗽,1
传染性非典型肺炎,肌肉疼痛,1
传染性非典型肺炎,呼吸困难,1
传染性非典型肺炎,寒战,1
传染性非典型肺炎,关节疼痛,1
传染性非典型肺炎,腹泻,1
传染性非典型肺炎,肺湿啰音,1
传染性非典型肺炎,发热,1
肺脓肿,胸痛,1
肺脓肿,胸廓塌陷,1
肺脓肿,消瘦,1
肺脓肿,无力,1
肺脓肿,畏寒,20
肺脓肿,食欲减退,1
肺脓肿,气促,1
肺脓肿,脓性痰,1
肺脓肿,咳痰,1
肺脓肿,咳痰,20
肺脓肿,咳嗽,20
肺脓肿,咯血,1
肺脓肿,肺湿啰音,1
肺脓肿,发热,20
肺脓肿,盗汗,1
肺脓肿,杵状指,1
肺脓肿,苍白,1
消化道出血,肢体冷感,1
消化道出血,晕厥,20
消化道出血,眩晕,20
消化道出血,休克,20
消化道出血,心悸,20
消化道出血,心悸,1
消化道出血,心动过速,1
消化道出血,无力,20
消化道出血,无力,1
消化道出血,头晕,1
消化道出血,贫血,1
消化道出血,呕血,20
消化道出血,黑便,20
消化道出血,发热,1
消化道出血,恶心,20
消化道出血,低血压,1
消化道出血,便血,20
肺曲霉病,胸痛,1
肺曲霉病,哮喘,1
肺曲霉病,无力,1
肺曲霉病,畏寒,1
肺曲霉病,水肿,1
肺曲霉病,气促,1
肺曲霉病,脓肿,1
肺曲霉病,咳痰,1
肺曲霉病,咳嗽,1
肺曲霉病,黄色脓痰,1
肺曲霉病,呼吸衰竭,1
肺曲霉病,呼吸困难,1
肺曲霉病,咯血,1
肺曲霉病,发热,1
肺曲霉病,大咯血,1
肺曲霉病,喘息,1
肺曲霉病,出血,1
胃恶性肿瘤,消瘦,20
胃恶性肿瘤,消化道出血,20
胃恶性肿瘤,消化不良,1
胃恶性肿瘤,无力,20
胃恶性肿瘤,锁骨淋巴结肿大,20
胃恶性肿瘤,食欲减退,20
胃恶性肿瘤,食欲减退,1
胃恶性肿瘤,烧心,1
胃恶性肿瘤,贫血,1
胃恶性肿瘤,呕血,20
胃恶性肿瘤,呕吐,20
胃恶性肿瘤,黑便,20
胃恶性肿瘤,腹胀,1
胃恶性肿瘤,腹痛,20
胃恶性肿瘤,腹部肿物,20
胃恶性肿瘤,恶心,20
胃恶性肿瘤,恶病质,1
肺炎,浊音,1
肺炎,胸痛,1
肺炎,胸腔积液,1
肺炎,脓性痰,1
肺炎,咳痰,1
肺炎,咳嗽,1
肺炎,呼吸音减弱,1
肺炎,呼吸困难,1
肺炎,呼吸过速,1
肺炎,咯血,1
肺炎,肺湿啰音,1
肺炎,发热,1
肺炎,发绀,1
肺炎,触觉语颤增强,1
肺炎,触觉语颤减弱,1
肺炎,鼻翼翕动,1
尿路感染,腰痛,20
尿路感染,血尿,1
尿路感染,下腹部疼痛,1
尿路感染,头痛,1
尿路感染,输尿管点压痛,20
尿路感染,食欲减退,1
尿路感染,肾区压痛,20
尿路感染,肾区叩击痛,20
尿路感染,呕吐,1
尿路感染,尿痛,20
尿路感染,尿频,20
尿路感染,尿急,20
尿路感染,肋脊角压痛,20
尿路感染,寒战,20
尿路感染,发热,20
尿路感染,恶心,1
急性肾损伤,谵妄,1
急性肾损伤,躁动,1
急性肾损伤,消化道出血,1
急性肾损伤,无尿,20
急性肾损伤,无力,1
急性肾损伤,食欲减退,1
急性肾损伤,少尿,20
急性肾损伤,贫血,1
急性肾损伤,呕吐,1
急性肾损伤,尿色异常,1
急性肾损伤,昏迷,1
急性肾损伤,腹胀,1
急性肾损伤,腹泻,1
急性肾损伤,恶心,1
急性肾损伤,出血倾向,1
急性肾损伤,抽搐,1
猩红热,意识障碍,1
猩红热,杨梅舌,1
猩红热,咽痛,1
猩红热,线状疹,1
猩红热,吞咽疼痛,1
猩红热,头痛,1
猩红热,粟粒疹,1
猩红热,全身不适,1
猩红热,皮疹,1
猩红热,皮肤脱屑,1
猩红热,呕吐,1
猩红热,淋巴结肿大,1
猩红热,口周苍白圈,1
猩红热,发热,1
猩红热,出血,1
猩红热,草莓舌,1
呼吸性酸中毒,震颤,1
呼吸性酸中毒,谵妄,1
呼吸性酸中毒,意识障碍,1
呼吸性酸中毒,头痛,1
呼吸性酸中毒,视力模糊,1
呼吸性酸中毒,气促,1
呼吸性酸中毒,脑疝,1
呼吸性酸中毒,咳嗽,1
呼吸性酸中毒,昏迷,1
呼吸性酸中毒,呼吸停止,1
呼吸性酸中毒,呼吸困难,15
呼吸性酸中毒,呼吸过速,15
呼吸性酸中毒,烦躁,1
呼吸性酸中毒,发绀,1
呼吸性酸中毒,低血压,1
呼吸性酸中毒,不安,1
帕金森,自主神经功能障碍,1
帕金森,姿势步态障碍,20
帕金森,姿势不稳,20
帕金森,运动受限,20
帕金森,抑郁,1
帕金森,嗅觉减退,1
帕金森,睡眠障碍,1
帕金森,认知障碍,1
帕金森,静止性震颤,20
帕金森,焦虑,1
帕金森,肌肉强直,20
帕金森,幻觉,1
帕金森,感觉障碍,1
帕金森,出汗,1
帕金森,痴呆,1
帕金森,便秘,1
肺结核,月经紊乱,1
肺结核,胸痛,1
肺结核,胸腔积液,1
肺结核,消瘦,1
肺结核,无力,1
肺结核,体重下降,1
肺结核,食欲减退,1
肺结核,类似风湿热样表现,1
肺结核,咳痰,1
肺结核,咳嗽,1
肺结核,结节性红斑,1
肺结核,呼吸困难,1
肺结核,咯血,1
肺结核,发热,1
肺结核,盗汗,1
肺结核,大咯血,1
食管癌,粘液痰/咳痰,1
食管癌,饮水呛咳,1
食管癌,胸骨疼痛,1
食管癌,吞咽困难,20
食管癌,停滞感,1
食管癌,体重下降,1
食管癌,锁骨上淋巴结肿大,1
食管癌,声音嘶哑,1
食管癌,烧灼感,1
食管癌,贫血,1
食管癌,呕吐,1
食管癌,内感性不适,1
食管癌,闷胀感,1
食管癌,梗噎感,1
食管癌,恶病质,1
食管癌,horner征,1
室性心动过速,晕厥,20
室性心动过速,意识障碍,1
室性心动过速,眩晕,1
室性心动过速,心脏骤停,20
室性心动过速,心室颤动,20
室性心动过速,心律失常,1
室性心动过速,心绞痛,20
室性心动过速,无脉性室性心动过速,20
室性心动过速,头晕,1
室性心动过速,视觉障碍,1
室性心动过速,少尿,1
室性心动过速,气促,1
室性心动过速,第一心音分裂,1
室性心动过速,第二心音分裂,1
室性心动过速,低血压,20
室性心动过速,出汗,1
胆囊癌,肿物,20
胆囊癌,右上腹部痛,20
胆囊癌,消瘦,1
胆囊癌,体重下降,1
胆囊癌,食欲减退,1
胆囊癌,贫血,1
胆囊癌,呕吐,1
胆囊癌,黄疸,20
胆囊癌,肝肿大,1
胆囊癌,腹胀,1
胆囊癌,腹痛,1
胆囊癌,腹腔积液,1
胆囊癌,腹部压痛,1
胆囊癌,恶心,1
胆囊癌,胆道出血,1
原发型肺结核,无力,1
原发型肺结核,食欲减退,1
原发型肺结核,声音嘶哑,1
原发型肺结核,淋巴结肿大,1
原发型肺结核,咳嗽,1
原发型肺结核,静脉怒张,1
原发型肺结核,呼吸音减弱,1
原发型肺结核,呼吸困难,1
原发型肺结核,肝肿大,1
原发型肺结核,肺湿啰音,1
原发型肺结核,肺干啰音,1
原发型肺结核,发育迟缓,1
原发型肺结核,发热,1
原发型肺结核,盗汗,1
原发型肺结核,喘鸣音,1
高致病性人禽流感病毒性肺炎,谵妄,1
高致病性人禽流感病毒性肺炎,咽痛,1
高致病性人禽流感病毒性肺炎,头痛,1
高致病性人禽流感病毒性肺炎,全身不适,1
高致病性人禽流感病毒性肺炎,咳痰,1
高致病性人禽流感病毒性肺炎,咳嗽,1
高致病性人禽流感病毒性肺炎,肌肉疼痛,1
高致病性人禽流感病毒性肺炎,呼吸困难,1
高致病性人禽流感病毒性肺炎,腹泻,1
高致病性人禽流感病毒性肺炎,腹痛,1
高致病性人禽流感病毒性肺炎,烦躁,1
高致病性人禽流感病毒性肺炎,发热,1
高致病性人禽流感病毒性肺炎,恶心,1
高致病性人禽流感病毒性肺炎,鼻塞,1
高致病性人禽流感病毒性肺炎,鼻流涕,1
血友病,淤血,1
血友病,痛,1
血友病,水肿,1
血友病,缺血性坏死,1
血友病,排尿困难,1
血友病,麻木,1
血友病,麻痹性肠梗阻,1
血友病,肌肉萎缩,1
血友病,呼吸困难,1
血友病,关节肿大,1
血友病,关节僵硬,1
血友病,关节畸形,1
血友病,关节骨化,1
血友病,出血难止,1
血友病,出血,20
低血糖症,震颤,1
低血糖症,心律失常,1
低血糖症,心悸,1
低血糖症,心动过速,1
低血糖症,无力,1
低血糖症,食欲亢进,1
低血糖症,认知障碍,1
低血糖症,焦虑,1
低血糖症,昏迷,1
低血糖症,行为异常,1
低血糖症,高血压,1
低血糖症,感觉异常,1
低血糖症,癫痫发作,1
低血糖症,出汗,1
低血糖症,苍白,1
垂体瘤,自主神经功能失调,1
垂体瘤,嗅觉减退,1
垂体瘤,性发育迟缓,1
垂体瘤,头痛,15
垂体瘤,体温异常,1
垂体瘤,嗜睡,1
垂体瘤,视神经萎缩,1
垂体瘤,视盘水肿,1
垂体瘤,视力下降,15
垂体瘤,身材矮小,1
垂体瘤,偏瘫,1
垂体瘤,皮肤感觉异常,1
垂体瘤,复视,1
垂体瘤,抽搐,1
垂体瘤,病理反射阳性,1
原发性高血压,心悸,1
原发性高血压,无力,1
原发性高血压,头胀,1
原发性高血压,头晕,1
原发性高血压,头痛,1
原发性高血压,头部扳紧感,1
原发性高血压,抬举样心尖搏动,1
原发性高血压,收缩期杂音,1
原发性高血压,气促,1
原发性高血压,口干,1
原发性高血压,颈部扳紧感,1
原发性高血压,耳鸣,1
原发性高血压,多饮,1
原发性高血压,多尿,1
原发性高血压,吹风样杂音,1
肺癌,胸痛,1
肺癌,胸腔积液,1
肺癌,胸闷,1
肺癌,心包积液,1
肺癌,无力,1
肺癌,吞咽困难,1
肺癌,体重下降,1
肺癌,声音嘶哑,1
肺癌,气促,1
肺癌,咳痰,1
肺癌,咳嗽,1
肺癌,膈肌麻痹,1
肺癌,咯血,1
肺癌,发热,1
肺癌,喘鸣音,1
急性胃十二指肠溃疡穿孔,移动性浊音,1
急性胃十二指肠溃疡穿孔,四肢湿冷,1
急性胃十二指肠溃疡穿孔,强迫体位,1
急性胃十二指肠溃疡穿孔,呕吐,1
急性胃十二指肠溃疡穿孔,面色苍白,1
急性胃十二指肠溃疡穿孔,冷汗,1
急性胃十二指肠溃疡穿孔,肝浊音界消失,1
急性胃十二指肠溃疡穿孔,肝浊音界缩小,1
急性胃十二指肠溃疡穿孔,腹痛,1
急性胃十二指肠溃疡穿孔,反跳痛,1
急性胃十二指肠溃疡穿孔,恶心,1
急性胃十二指肠溃疡穿孔,低血压,1
急性胃十二指肠溃疡穿孔,肠鸣音消失,1
急性胃十二指肠溃疡穿孔,板状腹,1
甲状腺癌,肿物疼痛,1
甲状腺癌,心悸,1
甲状腺癌,吞咽困难,20
甲状腺癌,头痛,1
甲状腺癌,声音嘶哑,20
甲状腺癌,颈部肿物,1
甲状腺癌,颈部淋巴结肿大,20
甲状腺癌,肩痛,1
甲状腺癌,甲状腺肿大,20
甲状腺癌,甲状腺结节,20
甲状腺癌,呼吸困难,20
甲状腺癌,腹泻,1
甲状腺癌,耳痛,1
甲状腺癌,潮红,1
腰椎间盘突出症,坐骨神经痛,1
腰椎间盘突出症,直腿抬高试验阳性,1
腰椎间盘突出症,运动功能障碍,20
腰椎间盘突出症,腰压痛,1
腰椎间盘突出症,腰痛,20
腰椎间盘突出症,腰部活动受限,1
腰椎间盘突出症,小便障碍,1
腰椎间盘突出症,神经功能障碍,20
腰椎间盘突出症,排便障碍,1
腰椎间盘突出症,马尾综合征,1
腰椎间盘突出症,脊柱侧弯,1
腰椎间盘突出症,肌力减弱,1
腰椎间盘突出症,感觉异常,1
腰椎间盘突出症,发射异常,1
尿道炎,血尿,1
尿道炎,性交痛,1
尿道炎,下腹部疼痛,1
尿道炎,尿液混浊,1
尿道炎,尿痛,1
尿道炎,尿频,1
尿道炎,尿急,1
尿道炎,尿道瘙痒,1
尿道炎,尿道口红肿,1
尿道炎,寒战,1
尿道炎,骨盆疼痛,1
尿道炎,附有脓性分泌物,1
尿道炎,发热,1
尿道炎,白带增多,1
多囊卵巢综合征,月经稀发,1
多囊卵巢综合征,月经紊乱,1
多囊卵巢综合征,月经停止,1
多囊卵巢综合征,月经减少,1
多囊卵巢综合征,油脂性皮肤,1
多囊卵巢综合征,抑郁,1
多囊卵巢综合征,脱发,1
多囊卵巢综合征,情感障碍,1
多囊卵巢综合征,焦虑,1
多囊卵巢综合征,黑棘皮症,1
多囊卵巢综合征,肥胖,1
多囊卵巢综合征,多毛,1
多囊卵巢综合征,痤疮,1
多囊卵巢综合征,不孕,1
硅沉着病,浊音,1
硅沉着病,胸闷,1
硅沉着病,心悸,1
硅沉着病,无力,1
硅沉着病,头晕,1
硅沉着病,失眠,1
硅沉着病,气管移位,1
硅沉着病,气促,1
硅沉着病,纳差,1
硅沉着病,咳嗽,1
硅沉着病,咯血,1
硅沉着病,大咯血,1
硅沉着病,刺痛,1
重症肌无力,肢体无力,1
重症肌无力,饮水呛咳,1
重症肌无力,眼球活动障碍,1
重症肌无力,吞咽困难,1
重症肌无力,抬头困难,1
重症肌无力,声音嘶哑,1
重症肌无力,上睑下垂,1
重症肌无力,咀嚼困难,1
重症肌无力,肌无力,20
重症肌无力,肌病面容,1
重症肌无力,呼吸困难,1
重症肌无力,构音障碍,1
重症肌无力,晨轻暮重,20
肠易激综合征,抑郁,1
肠易激综合征,压痛,1
肠易激综合征,消化不良,1
肠易激综合征,头晕,1
肠易激综合征,头痛,1
肠易激综合征,失眠,1
肠易激综合征,排便障碍,20
肠易激综合征,焦虑,1
肠易激综合征,肛门痉挛,1
肠易激综合征,腹胀,20
肠易激综合征,腹泻,20
肠易激综合征,腹痛,1
肠易激综合征,便秘,20
原发免疫性血小板减少症,紫癜,1
原发免疫性血小板减少症,月经增多,1
原发免疫性血小板减少症,瘀点,1
原发免疫性血小板减少症,瘀斑,1
原发免疫性血小板减少症,牙龈出血,1
原发免疫性血小板减少症,无力,1
原发免疫性血小板减少症,贫血,1
原发免疫性血小板减少症,脾肿大,1
原发免疫性血小板减少症,皮肤黏膜出血,1
原发免疫性血小板减少症,内脏出血,1
原发免疫性血小板减少症,口腔黏膜血疱,1
原发免疫性血小板减少症,出血难止,1
原发免疫性血小板减少症,鼻衄,1
癫痫,自动症,1
癫痫,阵挛性发作,1
癫痫,眼肌阵挛性发作,1
癫痫,失张力发作,1
癫痫,失神发作,1
癫痫,全身强直-阵挛性发作,1
癫痫,强直性发作,1
癫痫,局灶性运动性发作,1
癫痫,局灶性继发全面性发作,1
癫痫,局灶性感觉性发作,1
癫痫,肌阵挛性发作,1
癫痫,抽搐,1
癫痫,痴笑性发作,1
亚急性甲状腺炎,震颤,1
亚急性甲状腺炎,心动过速,1
亚急性甲状腺炎,无力,1
亚急性甲状腺炎,畏寒,1
亚急性甲状腺炎,全身不适,1
亚急性甲状腺炎,怕热,1
亚急性甲状腺炎,颈前疼痛,20
亚急性甲状腺炎,精神紧张,1
亚急性甲状腺炎,甲状腺肿大,20
亚急性甲状腺炎,肌肉疼痛,1
亚急性甲状腺炎,发热,20
亚急性甲状腺炎,出汗,1
亚急性甲状腺炎,便秘,1
支气管哮喘,胸闷,20
支气管哮喘,桶状胸,1
支气管哮喘,气促,20
支气管哮喘,喷嚏,1
支气管哮喘,叩诊过清音,1
支气管哮喘,咳嗽,20
支气管哮喘,呼吸音减弱,1
支气管哮喘,呼吸困难,1
支气管哮喘,肺哮鸣音,20
支气管哮喘,喘息,20
支气管哮喘,沉默肺,1
支气管哮喘,鼻流涕,1
克罗恩病,营养不良,20
克罗恩病,体重下降,20
克罗恩病,食欲减退,1
克罗恩病,贫血,20
克罗恩病,内感性不适,1
克罗恩病,腹胀,20
克罗恩病,腹泻,20
克罗恩病,腹痛,20
克罗恩病,腹部肿物,20
克罗恩病,发育迟缓,20
克罗恩病,发热,20
克罗恩病,便血,1
多发性肌炎,心律失常,1
多发性肌炎,无力,1
多发性肌炎,体重下降,1
多发性肌炎,四肢无力,20
多发性肌炎,强迫体位,1
多发性肌炎,雷诺现象,1
多发性肌炎,肌无力,20
多发性肌炎,肌肉疼痛,1
多发性肌炎,活动受限,1
多发性肌炎,呼吸困难,1
多发性肌炎,关节疼痛,1
多发性肌炎,发热,1
雷诺综合征,皱纹消失,1
雷诺综合征,指尖溃疡,1
雷诺综合征,指垫萎缩,1
雷诺综合征,指（趾）甲脆薄易裂,1
雷诺综合征,痛,1
雷诺综合征,皮温降低,1
雷诺综合征,皮肤光薄,1
雷诺综合征,麻木,1
雷诺综合征,感觉减退,1
雷诺综合征,发绀,1
雷诺综合征,潮红,1
雷诺综合征,苍白,1
脑出血,肢体无力,1
脑出血,肢体麻木,1
脑出血,意识障碍,20
脑出血,言语不清,1
脑出血,头晕,1
脑出血,头痛,20
脑出血,视力异常,1
脑出血,呕吐,20
脑出血,面部麻木,1
脑出血,理解困难,1
脑出血,活动受限,1
脑出血,高血压,20
慢性髓系白血病,虚弱,1
慢性髓系白血病,无力,20
慢性髓系白血病,体重下降,20
慢性髓系白血病,贫血,20
慢性髓系白血病,脾肿大,20
慢性髓系白血病,关节疼痛,1
慢性髓系白血病,骨骼疼痛,1
慢性髓系白血病,腹胀,1
慢性髓系白血病,腹部肿物,1
慢性髓系白血病,发热,20
慢性髓系白血病,出血,1
慢性髓系白血病,出汗,20
结直肠癌,消瘦,1
结直肠癌,贫血,20
结直肠癌,排便习惯改变,20
结直肠癌,排便不尽,20
结直肠癌,里急厚重感,20
结直肠癌,腹胀,20
结直肠癌,腹泻,20
结直肠癌,腹痛,20
结直肠癌,腹部肿物,20
结直肠癌,大便性质改变,20
结直肠癌,便血,20
结直肠癌,便秘,20
颈椎间盘突出症,直肠功能障碍,1
颈椎间盘突出症,运动受限,1
颈椎间盘突出症,痛,1
颈椎间盘突出症,手部无力,1
颈椎间盘突出症,强迫体位,1
颈椎间盘突出症,膀胱障碍,1
颈椎间盘突出症,截瘫,1
颈椎间盘突出症,腱反射消失,1
颈椎间盘突出症,腱反射减弱,1
颈椎间盘突出症,肌力减弱,1
颈椎间盘突出症,活动受限,1
颈椎间盘突出症,感觉障碍,1
急性化脓性中耳炎,溢脓,1
急性化脓性中耳炎,无力,1
急性化脓性中耳炎,畏寒,1
急性化脓性中耳炎,听力下降,1
急性化脓性中耳炎,食欲减退,1
急性化脓性中耳炎,乳突压痛,1
急性化脓性中耳炎,呕吐,1
急性化脓性中耳炎,腹泻,1
急性化脓性中耳炎,发热,1
急性化脓性中耳炎,耳痛,1
急性化脓性中耳炎,耳鸣,1
急性化脓性中耳炎,耳漏,1
类风湿性关节炎,体重下降,1
类风湿性关节炎,贫血,1
类风湿性关节炎,脉率增快,1
类风湿性关节炎,活动受限,20
类风湿性关节炎,关节肿大,20
类风湿性关节炎,关节炎,1
类风湿性关节炎,关节压痛,20
类风湿性关节炎,关节强直,1
类风湿性关节炎,关节畸形,20
类风湿性关节炎,关节功能受限,1
类风湿性关节炎,发热,1
类风湿性关节炎,晨僵,20
溶血性贫血,腰痛,1
溶血性贫血,休克,1
溶血性贫血,头痛,1
溶血性贫血,四肢酸痛,1
溶血性贫血,贫血,1
溶血性贫血,脾肿大,1
溶血性贫血,呕吐,1
溶血性贫血,面色苍白,1
溶血性贫血,黄疸,1
溶血性贫血,寒战,1
溶血性贫血,腹痛,1
溶血性贫血,发热,1
肝恶性肿瘤,营养不良,1
肝恶性肿瘤,消瘦,1
肝恶性肿瘤,无力,1
肝恶性肿瘤,胃底静脉破裂出血,1
肝恶性肿瘤,食欲减退,1
肝恶性肿瘤,黄疸,1
肝恶性肿瘤,肝肿大,1
肝恶性肿瘤,肝硬化,1
肝恶性肿瘤,肝区疼痛,1
肝恶性肿瘤,腹腔积液,1
肝恶性肿瘤,发热,1
肝恶性肿瘤,恶病质,1
酒精性肝病,蜘蛛痣,1
酒精性肝病,无力,1
酒精性肝病,体重下降,1
酒精性肝病,食欲减退,1
酒精性肝病,黄疸,1
酒精性肝病,肝肿大,1
酒精性肝病,肝掌,1
酒精性肝病,肝区疼痛,1
酒精性肝病,腹胀,1
酒精性肝病,腹泻,1
酒精性肝病,腹痛,1
酒精性肝病,发热,1
闭塞性周围动脉粥样硬化,阵发性跛行,20
闭塞性周围动脉粥样硬化,营养不良,1
闭塞性周围动脉粥样硬化,水肿,1
闭塞性周围动脉粥样硬化,手足温度过低,1
闭塞性周围动脉粥样硬化,收缩期杂音,1
闭塞性周围动脉粥样硬化,皮肤薄脆,1
闭塞性周围动脉粥样硬化,毛发稀疏,1
闭塞性周围动脉粥样硬化,溃疡,1
闭塞性周围动脉粥样硬化,静息痛,20
闭塞性周围动脉粥样硬化,坏疽,1
闭塞性周围动脉粥样硬化,动脉搏动异常,20
闭塞性周围动脉粥样硬化,苍白,1
新型冠状病毒肺炎,咽痛,1
新型冠状病毒肺炎,无力,1
新型冠状病毒肺炎,呕吐,1
新型冠状病毒肺炎,咳嗽,1
新型冠状病毒肺炎,精神状态改变,1
新型冠状病毒肺炎,肌肉疼痛,1
新型冠状病毒肺炎,呼吸困难,1
新型冠状病毒肺炎,呼吸急促,1
新型冠状病毒肺炎,腹泻,1
新型冠状病毒肺炎,发热,1
新型冠状病毒肺炎,鼻塞,1
新型冠状病毒肺炎,鼻流涕,1
肾病综合征,眼睑水肿,20
肾病综合征,休克,1
肾病综合征,无力,1
肾病综合征,体重增加,1
肾病综合征,四肢水肿,20
肾病综合征,水肿,20
肾病综合征,食欲减退,1
肾病综合征,少尿,1
肾病综合征,全身不适,1
肾病综合征,面部水肿,20
肾病综合征,肌肉萎缩,1
肾病综合征,发热,1
功能性消化不良,注意减退,1
功能性消化不良,抑郁,1
功能性消化不良,头痛,1
功能性消化不良,食欲减退,1
功能性消化不良,失眠,1
功能性消化不良,烧灼感,20
功能性消化不良,上腹部痛,20
功能性消化不良,焦虑,1
功能性消化不良,腹胀,20
功能性消化不良,恶心,1
功能性消化不良,嗳气,1
肺泡蛋白沉着症,胸痛,1
肺泡蛋白沉着症,消瘦,1
肺泡蛋白沉着症,无力,1
肺泡蛋白沉着症,脓性痰,1
肺泡蛋白沉着症,咳痰,1
肺泡蛋白沉着症,呼吸困难,20
肺泡蛋白沉着症,咯血,1
肺泡蛋白沉着症,发热,1
肺泡蛋白沉着症,发绀,20
肺泡蛋白沉着症,杵状指,20
肺泡蛋白沉着症,Velcro啰音,20
腔隙性脑梗死,言语不清,1
腔隙性脑梗死,吞咽障碍,1
腔隙性脑梗死,视觉障碍,1
腔隙性脑梗死,轻偏瘫,1
腔隙性脑梗死,偏身感觉障碍,1
腔隙性脑梗死,精细运动障碍,1
腔隙性脑梗死,共济失调性轻偏瘫,1
腔隙性脑梗死,共济失调,1
腔隙性脑梗死,感觉障碍,1
腔隙性脑梗死,发音困难,1
腔隙性脑梗死,纯运动性轻偏瘫,1
2型糖尿病,消瘦,1
2型糖尿病,无力,1
2型糖尿病,外阴瘙痒,1
2型糖尿病,体重下降,20
2型糖尿病,视力模糊,1
2型糖尿病,食欲亢进,20
2型糖尿病,皮肤瘙痒,1
2型糖尿病,口干,20
2型糖尿病,发育延迟,1
2型糖尿病,多饮,20
2型糖尿病,多尿,20
高钾血症,心脏停搏,1
高钾血症,心音低钝,1
高钾血症,无力,1
高钾血症,瘫痪,1
高钾血症,酸痛,1
高钾血症,皮肤湿冷,1
高钾血症,麻木,1
高钾血症,腱反射消失,1
高钾血症,高血压,1
高钾血症,低血压,1
高钾血症,苍白,1
急进性肾小球肾炎,意志减退,1
急进性肾小球肾炎,血尿,20
急进性肾小球肾炎,无尿,20
急进性肾小球肾炎,无力,1
急进性肾小球肾炎,体重下降,1
急进性肾小球肾炎,水肿,20
急进性肾小球肾炎,少尿,20
急进性肾小球肾炎,贫血,1
急进性肾小球肾炎,高血压,20
急进性肾小球肾炎,腹痛,1
急进性肾小球肾炎,发热,1
胆管癌,无力,1
胆管癌,体重下降,1
胆管癌,陶土样大便,1
胆管癌,上腹部肿块,1
胆管癌,皮肤瘙痒,1
胆管癌,尿色异常,1
胆管癌,黄疸,1
胆管癌,腹痛,1
胆管癌,腹部不适,1
胆管癌,发热,1
胆管癌,恶心,1
肠扭转,胀痛,1
肠扭转,眼眶下陷,1
肠扭转,休克,1
肠扭转,舌燥,1
肠扭转,呕吐,1
肠扭转,腹痛,1
肠扭转,腹肌紧张,1
肠扭转,腹部压痛,1
肠扭转,腹部膨隆,1
肠扭转,唇干,1
肠扭转,肠鸣音减弱,1
肺结节病,胸痛,1
肺结节病,无力,1
肺结节病,体重下降,1
肺结节病,淋巴结肿大,1
肺结节病,咳嗽,1
肺结节病,结节性红斑,1
肺结节病,肌肉疼痛,1
肺结节病,呼吸困难,1
肺结节病,发热,1
肺结节病,盗汗,1
肺结节病,喘鸣音,1
胃食管反流病,咽部不适感,1
胃食管反流病,胸痛,15
胃食管反流病,哮喘,1
胃食管反流病,胃部灼烧感,20
胃食管反流病,烧心,20
胃食管反流病,上腹灼烧感,15
胃食管反流病,咳嗽,1
胃食管反流病,腹痛,15
胃食管反流病,反酸,1
胃食管反流病,反流,20
胃食管反流病,嗳气,15
支气管扩张,营养不良,1
支气管扩张,消瘦,1
支气管扩张,脓性痰/咳痰,20
支气管扩张,咳嗽,20
支气管扩张,呼吸困难,20
支气管扩张,管状呼吸音,1
支气管扩张,咯血,20
支气管扩张,肺哮鸣音,20
支气管扩张,肺湿啰音,20
支气管扩张,喘鸣音,1
支气管扩张,杵状指,20
房室交界区相关的折返性心动过速,晕厥,1
房室交界区相关的折返性心动过速,眩晕,1
房室交界区相关的折返性心动过速,胸闷,15
房室交界区相关的折返性心动过速,心前区不适,1
房室交界区相关的折返性心动过速,心律失常,1
房室交界区相关的折返性心动过速,心绞痛,1
房室交界区相关的折返性心动过速,心悸,15
房室交界区相关的折返性心动过速,头晕,15
房室交界区相关的折返性心动过速,焦虑,15
房室交界区相关的折返性心动过速,低血压,1
房室交界区相关的折返性心动过速,不安,15
子宫内膜癌,子宫增大,1
子宫内膜癌,月经增多,1
子宫内膜癌,月经紊乱,1
子宫内膜癌,阴道排液,1
子宫内膜癌,阴道流血,1
子宫内膜癌,消瘦,1
子宫内膜癌,下腹部疼痛,1
子宫内膜癌,贫血,1
子宫内膜癌,经期延长,1
子宫内膜癌,发热,1
子宫内膜癌,恶病质,1
肠结核,右下腹部压痛,15
肠结核,消瘦,1
肠结核,无力,1
肠结核,贫血,1
肠结核,腹泻,15
肠结核,腹痛,15
肠结核,腹部肿物,15
肠结核,发热,15
肠结核,盗汗,15
肠结核,肠梗阻,15
肠结核,便秘,15
1型糖尿病,消瘦,1
1型糖尿病,无力,1
1型糖尿病,外阴瘙痒,1
1型糖尿病,体重下降,20
1型糖尿病,视力模糊,1
1型糖尿病,食欲亢进,20
1型糖尿病,皮肤瘙痒,1
1型糖尿病,口干,20
1型糖尿病,发育延迟,1
1型糖尿病,多饮,20
1型糖尿病,多尿,20
中东呼吸综合征,胸痛,1
中东呼吸综合征,无力,1
中东呼吸综合征,畏寒,1
中东呼吸综合征,头痛,1
中东呼吸综合征,呕吐,1
中东呼吸综合征,咳嗽,1
中东呼吸综合征,肌肉疼痛,1
中东呼吸综合征,呼吸困难,1
中东呼吸综合征,腹泻,1
中东呼吸综合征,腹痛,1
中东呼吸综合征,发热,1
上尿路结石,腰痛,1
上尿路结石,血尿,1
上尿路结石,痛,1
上尿路结石,肾绞痛,1
上尿路结石,膀胱刺激征,1
上尿路结石,呕吐,1
上尿路结石,尿痛,1
上尿路结石,尿频,1
上尿路结石,尿急,1
上尿路结石,腹痛,1
上尿路结石,恶心,1
便秘,痔疮,1
便秘,下腹部胀痛,1
便秘,无力,1
便秘,头晕,1
便秘,食欲减退,1
便秘,失眠,1
便秘,排便障碍,20
便秘,焦虑,1
便秘,肛门疼痛,1
便秘,肛裂,1
便秘,烦躁,1
低通气综合征,智力障碍,1
低通气综合征,意识障碍,1
低通气综合征,易激惹,1
低通气综合征,无力,1
低通气综合征,头痛,1
低通气综合征,嗜睡,20
低通气综合征,呼吸困难,1
低通气综合征,烦躁,1
低通气综合征,发育延迟,1
低通气综合征,发绀,1
低通气综合征,不安,1
急性胆囊炎,胀痛,1
急性胆囊炎,呕吐,1
急性胆囊炎,黄疸,1
急性胆囊炎,腹痛,1
急性胆囊炎,腹肌紧张,1
急性胆囊炎,腹部压痛,1
急性胆囊炎,腹部叩痛,1
急性胆囊炎,反跳痛,1
急性胆囊炎,发热,1
急性胆囊炎,恶心,1
急性胆囊炎,Murphy征阳性,1
